id,name
yks.res_district_001,东城区 
yks.res_district_002,西城区 
yks.res_district_003,崇文区 
yks.res_district_004,宣武区 
yks.res_district_005,朝阳区 
yks.res_district_006,丰台区 
yks.res_district_007,石景山区 
yks.res_district_008,海淀区 
yks.res_district_009,门头沟区 
yks.res_district_010,房山区 
yks.res_district_011,通州区 
yks.res_district_012,顺义区 
yks.res_district_013,昌平区 
yks.res_district_014,大兴区 
yks.res_district_015,怀柔区 
yks.res_district_016,平谷区 
yks.res_district_017,密云县 
yks.res_district_018,延庆县 
yks.res_district_019,和平区 
yks.res_district_020,河东区 
yks.res_district_021,河西区 
yks.res_district_022,南开区 
yks.res_district_023,河北区 
yks.res_district_024,红桥区 
yks.res_district_025,塘沽区 
yks.res_district_026,汉沽区 
yks.res_district_027,大港区 
yks.res_district_028,东丽区 
yks.res_district_029,西青区 
yks.res_district_030,津南区 
yks.res_district_031,北辰区 
yks.res_district_032,武清区 
yks.res_district_033,宝坻区 
yks.res_district_034,宁河县 
yks.res_district_035,静海县 
yks.res_district_036,蓟县 
yks.res_district_037,长安区 
yks.res_district_038,桥东区 
yks.res_district_039,桥西区 
yks.res_district_040,新华区 
yks.res_district_041,井陉矿区 
yks.res_district_042,裕华区 
yks.res_district_043,井陉县 
yks.res_district_044,正定县 
yks.res_district_045,栾城县 
yks.res_district_046,行唐县 
yks.res_district_047,灵寿县 
yks.res_district_048,高邑县 
yks.res_district_049,深泽县 
yks.res_district_050,赞皇县 
yks.res_district_051,无极县 
yks.res_district_052,平山县 
yks.res_district_053,元氏县 
yks.res_district_054,赵县 
yks.res_district_055,辛集市 
yks.res_district_056,藁城市 
yks.res_district_057,晋州市 
yks.res_district_058,新乐市 
yks.res_district_059,鹿泉市 
yks.res_district_060,路南区 
yks.res_district_061,路北区 
yks.res_district_062,古冶区 
yks.res_district_063,开平区 
yks.res_district_064,丰南区 
yks.res_district_065,丰润区 
yks.res_district_066,滦县 
yks.res_district_067,滦南县 
yks.res_district_068,乐亭县 
yks.res_district_069,迁西县 
yks.res_district_070,玉田县 
yks.res_district_071,唐海县 
yks.res_district_072,遵化市 
yks.res_district_073,迁安市 
yks.res_district_074,海港区 
yks.res_district_075,山海关区 
yks.res_district_076,北戴河区 
yks.res_district_077,青龙满族自治县 
yks.res_district_078,昌黎县 
yks.res_district_079,抚宁县 
yks.res_district_080,卢龙县 
yks.res_district_081,邯山区 
yks.res_district_082,丛台区 
yks.res_district_083,复兴区 
yks.res_district_084,峰峰矿区 
yks.res_district_085,邯郸县 
yks.res_district_086,临漳县 
yks.res_district_087,成安县 
yks.res_district_088,大名县 
yks.res_district_089,涉县 
yks.res_district_090,磁县 
yks.res_district_091,肥乡县 
yks.res_district_092,永年县 
yks.res_district_093,邱县 
yks.res_district_094,鸡泽县 
yks.res_district_095,广平县 
yks.res_district_096,馆陶县 
yks.res_district_097,魏县 
yks.res_district_098,曲周县 
yks.res_district_099,武安市 
yks.res_district_100,桥东区 
yks.res_district_101,桥西区 
yks.res_district_102,邢台县 
yks.res_district_103,临城县 
yks.res_district_104,内丘县 
yks.res_district_105,柏乡县 
yks.res_district_106,隆尧县 
yks.res_district_107,任县 
yks.res_district_108,南和县 
yks.res_district_109,宁晋县 
yks.res_district_110,巨鹿县 
yks.res_district_111,新河县 
yks.res_district_112,广宗县 
yks.res_district_113,平乡县 
yks.res_district_114,威县 
yks.res_district_115,清河县 
yks.res_district_116,临西县 
yks.res_district_117,南宫市 
yks.res_district_118,沙河市 
yks.res_district_119,新市区 
yks.res_district_120,北市区 
yks.res_district_121,南市区 
yks.res_district_122,满城县 
yks.res_district_123,清苑县 
yks.res_district_124,涞水县 
yks.res_district_125,阜平县 
yks.res_district_126,徐水县 
yks.res_district_127,定兴县 
yks.res_district_128,唐县 
yks.res_district_129,高阳县 
yks.res_district_130,容城县 
yks.res_district_131,涞源县 
yks.res_district_132,望都县 
yks.res_district_133,安新县 
yks.res_district_134,易县 
yks.res_district_135,曲阳县 
yks.res_district_136,蠡县 
yks.res_district_137,顺平县 
yks.res_district_138,博野县 
yks.res_district_139,雄县 
yks.res_district_140,涿州市 
yks.res_district_141,定州市 
yks.res_district_142,安国市 
yks.res_district_143,高碑店市 
yks.res_district_144,桥东区 
yks.res_district_145,桥西区 
yks.res_district_146,宣化区 
yks.res_district_147,下花园区 
yks.res_district_148,宣化县 
yks.res_district_149,张北县 
yks.res_district_150,康保县 
yks.res_district_151,沽源县 
yks.res_district_152,尚义县 
yks.res_district_153,蔚县 
yks.res_district_154,阳原县 
yks.res_district_155,怀安县 
yks.res_district_156,万全县 
yks.res_district_157,怀来县 
yks.res_district_158,涿鹿县 
yks.res_district_159,赤城县 
yks.res_district_160,崇礼县 
yks.res_district_161,双桥区 
yks.res_district_162,双滦区 
yks.res_district_163,鹰手营子矿区 
yks.res_district_164,承德县 
yks.res_district_165,兴隆县 
yks.res_district_166,平泉县 
yks.res_district_167,滦平县 
yks.res_district_168,隆化县 
yks.res_district_169,丰宁满族自治县 
yks.res_district_170,宽城满族自治县 
yks.res_district_171,围场满族蒙古族自治县 
yks.res_district_172,新华区 
yks.res_district_173,运河区 
yks.res_district_174,沧县 
yks.res_district_175,青县 
yks.res_district_176,东光县 
yks.res_district_177,海兴县 
yks.res_district_178,盐山县 
yks.res_district_179,肃宁县 
yks.res_district_180,南皮县 
yks.res_district_181,吴桥县 
yks.res_district_182,献县 
yks.res_district_183,孟村回族自治县 
yks.res_district_184,泊头市 
yks.res_district_185,任丘市 
yks.res_district_186,黄骅市 
yks.res_district_187,河间市 
yks.res_district_188,安次区 
yks.res_district_189,广阳区 
yks.res_district_190,固安县 
yks.res_district_191,永清县 
yks.res_district_192,香河县 
yks.res_district_193,大城县 
yks.res_district_194,文安县 
yks.res_district_195,大厂回族自治县 
yks.res_district_196,霸州市 
yks.res_district_197,三河市 
yks.res_district_198,桃城区 
yks.res_district_199,枣强县 
yks.res_district_200,武邑县 
yks.res_district_201,武强县 
yks.res_district_202,饶阳县 
yks.res_district_203,安平县 
yks.res_district_204,故城县 
yks.res_district_205,景县 
yks.res_district_206,阜城县 
yks.res_district_207,冀州市 
yks.res_district_208,深州市 
yks.res_district_209,小店区 
yks.res_district_210,迎泽区 
yks.res_district_211,杏花岭区 
yks.res_district_212,尖草坪区 
yks.res_district_213,万柏林区 
yks.res_district_214,晋源区 
yks.res_district_215,清徐县 
yks.res_district_216,阳曲县 
yks.res_district_217,娄烦县 
yks.res_district_218,古交市 
yks.res_district_219,城区 
yks.res_district_220,矿区 
yks.res_district_221,南郊区 
yks.res_district_222,新荣区 
yks.res_district_223,阳高县 
yks.res_district_224,天镇县 
yks.res_district_225,广灵县 
yks.res_district_226,灵丘县 
yks.res_district_227,浑源县 
yks.res_district_228,左云县 
yks.res_district_229,大同县 
yks.res_district_230,城区 
yks.res_district_231,矿区 
yks.res_district_232,郊区 
yks.res_district_233,平定县 
yks.res_district_234,盂县 
yks.res_district_235,城区 
yks.res_district_236,郊区 
yks.res_district_237,长治县 
yks.res_district_238,襄垣县 
yks.res_district_239,屯留县 
yks.res_district_240,平顺县 
yks.res_district_241,黎城县 
yks.res_district_242,壶关县 
yks.res_district_243,长子县 
yks.res_district_244,武乡县 
yks.res_district_245,沁县 
yks.res_district_246,沁源县 
yks.res_district_247,潞城市 
yks.res_district_248,城区 
yks.res_district_249,沁水县 
yks.res_district_250,阳城县 
yks.res_district_251,陵川县 
yks.res_district_252,泽州县 
yks.res_district_253,高平市 
yks.res_district_254,朔城区 
yks.res_district_255,平鲁区 
yks.res_district_256,山阴县 
yks.res_district_257,应县 
yks.res_district_258,右玉县 
yks.res_district_259,怀仁县 
yks.res_district_260,榆次区 
yks.res_district_261,榆社县 
yks.res_district_262,左权县 
yks.res_district_263,和顺县 
yks.res_district_264,昔阳县 
yks.res_district_265,寿阳县 
yks.res_district_266,太谷县 
yks.res_district_267,祁县 
yks.res_district_268,平遥县 
yks.res_district_269,灵石县 
yks.res_district_270,介休市 
yks.res_district_271,盐湖区 
yks.res_district_272,临猗县 
yks.res_district_273,万荣县 
yks.res_district_274,闻喜县 
yks.res_district_275,稷山县 
yks.res_district_276,新绛县 
yks.res_district_277,绛县 
yks.res_district_278,垣曲县 
yks.res_district_279,夏县 
yks.res_district_280,平陆县 
yks.res_district_281,芮城县 
yks.res_district_282,永济市 
yks.res_district_283,河津市 
yks.res_district_284,忻府区 
yks.res_district_285,定襄县 
yks.res_district_286,五台县 
yks.res_district_287,代县 
yks.res_district_288,繁峙县 
yks.res_district_289,宁武县 
yks.res_district_290,静乐县 
yks.res_district_291,神池县 
yks.res_district_292,五寨县 
yks.res_district_293,岢岚县 
yks.res_district_294,河曲县 
yks.res_district_295,保德县 
yks.res_district_296,偏关县 
yks.res_district_297,原平市 
yks.res_district_298,尧都区 
yks.res_district_299,曲沃县 
yks.res_district_300,翼城县 
yks.res_district_301,襄汾县 
yks.res_district_302,洪洞县 
yks.res_district_303,古县 
yks.res_district_304,安泽县 
yks.res_district_305,浮山县 
yks.res_district_306,吉县 
yks.res_district_307,乡宁县 
yks.res_district_308,大宁县 
yks.res_district_309,隰县 
yks.res_district_310,永和县 
yks.res_district_311,蒲县 
yks.res_district_312,汾西县 
yks.res_district_313,侯马市 
yks.res_district_314,霍州市 
yks.res_district_315,离石区 
yks.res_district_316,文水县 
yks.res_district_317,交城县 
yks.res_district_318,兴县 
yks.res_district_319,临县 
yks.res_district_320,柳林县 
yks.res_district_321,石楼县 
yks.res_district_322,岚县 
yks.res_district_323,方山县 
yks.res_district_324,中阳县 
yks.res_district_325,交口县 
yks.res_district_326,孝义市 
yks.res_district_327,汾阳市 
yks.res_district_328,新城区 
yks.res_district_329,回民区 
yks.res_district_330,玉泉区 
yks.res_district_331,赛罕区 
yks.res_district_332,土默特左旗 
yks.res_district_333,托克托县 
yks.res_district_334,和林格尔县 
yks.res_district_335,清水河县 
yks.res_district_336,武川县 
yks.res_district_337,东河区 
yks.res_district_338,昆都仑区 
yks.res_district_339,青山区 
yks.res_district_340,石拐区 
yks.res_district_341,白云矿区 
yks.res_district_342,九原区 
yks.res_district_343,土默特右旗 
yks.res_district_344,固阳县 
yks.res_district_345,达尔罕茂明安联合旗 
yks.res_district_346,海勃湾区 
yks.res_district_347,海南区 
yks.res_district_348,乌达区 
yks.res_district_349,红山区 
yks.res_district_350,元宝山区 
yks.res_district_351,松山区 
yks.res_district_352,阿鲁科尔沁旗 
yks.res_district_353,巴林左旗 
yks.res_district_354,巴林右旗 
yks.res_district_355,林西县 
yks.res_district_356,克什克腾旗 
yks.res_district_357,翁牛特旗 
yks.res_district_358,喀喇沁旗 
yks.res_district_359,宁城县 
yks.res_district_360,敖汉旗 
yks.res_district_361,科尔沁区 
yks.res_district_362,科尔沁左翼中旗 
yks.res_district_363,科尔沁左翼后旗 
yks.res_district_364,开鲁县 
yks.res_district_365,库伦旗 
yks.res_district_366,奈曼旗 
yks.res_district_367,扎鲁特旗 
yks.res_district_368,霍林郭勒市 
yks.res_district_369,东胜区 
yks.res_district_370,达拉特旗 
yks.res_district_371,准格尔旗 
yks.res_district_372,鄂托克前旗 
yks.res_district_373,鄂托克旗 
yks.res_district_374,杭锦旗 
yks.res_district_375,乌审旗 
yks.res_district_376,伊金霍洛旗 
yks.res_district_377,海拉尔区 
yks.res_district_378,阿荣旗 
yks.res_district_379,莫力达瓦达斡尔族自治旗 
yks.res_district_380,鄂伦春自治旗 
yks.res_district_381,鄂温克族自治旗 
yks.res_district_382,陈巴尔虎旗 
yks.res_district_383,新巴尔虎左旗 
yks.res_district_384,新巴尔虎右旗 
yks.res_district_385,满洲里市 
yks.res_district_386,牙克石市 
yks.res_district_387,扎兰屯市 
yks.res_district_388,额尔古纳市 
yks.res_district_389,根河市 
yks.res_district_390,临河区 
yks.res_district_391,五原县 
yks.res_district_392,磴口县 
yks.res_district_393,乌拉特前旗 
yks.res_district_394,乌拉特中旗 
yks.res_district_395,乌拉特后旗 
yks.res_district_396,杭锦后旗 
yks.res_district_397,集宁区 
yks.res_district_398,卓资县 
yks.res_district_399,化德县 
yks.res_district_400,商都县 
yks.res_district_401,兴和县 
yks.res_district_402,凉城县 
yks.res_district_403,察哈尔右翼前旗 
yks.res_district_404,察哈尔右翼中旗 
yks.res_district_405,察哈尔右翼后旗 
yks.res_district_406,四子王旗 
yks.res_district_407,丰镇市 
yks.res_district_408,乌兰浩特市 
yks.res_district_409,阿尔山市 
yks.res_district_410,科尔沁右翼前旗 
yks.res_district_411,科尔沁右翼中旗 
yks.res_district_412,扎赉特旗 
yks.res_district_413,突泉县 
yks.res_district_414,二连浩特市 
yks.res_district_415,锡林浩特市 
yks.res_district_416,阿巴嘎旗 
yks.res_district_417,苏尼特左旗 
yks.res_district_418,苏尼特右旗 
yks.res_district_419,东乌珠穆沁旗 
yks.res_district_420,西乌珠穆沁旗 
yks.res_district_421,太仆寺旗 
yks.res_district_422,镶黄旗 
yks.res_district_423,正镶白旗 
yks.res_district_424,正蓝旗 
yks.res_district_425,多伦县 
yks.res_district_426,阿拉善左旗 
yks.res_district_427,阿拉善右旗 
yks.res_district_428,额济纳旗 
yks.res_district_429,和平区 
yks.res_district_430,沈河区 
yks.res_district_431,大东区 
yks.res_district_432,皇姑区 
yks.res_district_433,铁西区 
yks.res_district_434,苏家屯区 
yks.res_district_435,东陵区 
yks.res_district_436,新城子区 
yks.res_district_437,于洪区 
yks.res_district_438,辽中县 
yks.res_district_439,康平县 
yks.res_district_440,法库县 
yks.res_district_441,新民市 
yks.res_district_442,中山区 
yks.res_district_443,西岗区 
yks.res_district_444,沙河口区 
yks.res_district_445,甘井子区 
yks.res_district_446,旅顺口区 
yks.res_district_447,金州区 
yks.res_district_448,长海县 
yks.res_district_449,瓦房店市 
yks.res_district_450,普兰店市 
yks.res_district_451,庄河市 
yks.res_district_452,铁东区 
yks.res_district_453,铁西区 
yks.res_district_454,立山区 
yks.res_district_455,千山区 
yks.res_district_456,台安县 
yks.res_district_457,岫岩满族自治县 
yks.res_district_458,海城市 
yks.res_district_459,新抚区 
yks.res_district_460,东洲区 
yks.res_district_461,望花区 
yks.res_district_462,顺城区 
yks.res_district_463,抚顺县 
yks.res_district_464,新宾满族自治县 
yks.res_district_465,清原满族自治县 
yks.res_district_466,平山区 
yks.res_district_467,溪湖区 
yks.res_district_468,明山区 
yks.res_district_469,南芬区 
yks.res_district_470,本溪满族自治县 
yks.res_district_471,桓仁满族自治县 
yks.res_district_472,元宝区 
yks.res_district_473,振兴区 
yks.res_district_474,振安区 
yks.res_district_475,宽甸满族自治县 
yks.res_district_476,东港市 
yks.res_district_477,凤城市 
yks.res_district_478,古塔区 
yks.res_district_479,凌河区 
yks.res_district_480,太和区 
yks.res_district_481,黑山县 
yks.res_district_482,义县 
yks.res_district_483,凌海市 
yks.res_district_484,北宁市 
yks.res_district_485,站前区 
yks.res_district_486,西市区 
yks.res_district_487,鲅鱼圈区 
yks.res_district_488,老边区 
yks.res_district_489,盖州市 
yks.res_district_490,大石桥市 
yks.res_district_491,海州区 
yks.res_district_492,新邱区 
yks.res_district_493,太平区 
yks.res_district_494,清河门区 
yks.res_district_495,细河区 
yks.res_district_496,阜新蒙古族自治县 
yks.res_district_497,彰武县 
yks.res_district_498,白塔区 
yks.res_district_499,文圣区 
yks.res_district_500,宏伟区 
yks.res_district_501,弓长岭区 
yks.res_district_502,太子河区 
yks.res_district_503,辽阳县 
yks.res_district_504,灯塔市 
yks.res_district_505,双台子区 
yks.res_district_506,兴隆台区 
yks.res_district_507,大洼县 
yks.res_district_508,盘山县 
yks.res_district_509,银州区 
yks.res_district_510,清河区 
yks.res_district_511,铁岭县 
yks.res_district_512,西丰县 
yks.res_district_513,昌图县 
yks.res_district_514,调兵山市 
yks.res_district_515,开原市 
yks.res_district_516,双塔区 
yks.res_district_517,龙城区 
yks.res_district_518,朝阳县 
yks.res_district_519,建平县 
yks.res_district_520,喀喇沁左翼蒙古族自治县 
yks.res_district_521,北票市 
yks.res_district_522,凌源市 
yks.res_district_523,连山区 
yks.res_district_524,龙港区 
yks.res_district_525,南票区 
yks.res_district_526,绥中县 
yks.res_district_527,建昌县 
yks.res_district_528,兴城市 
yks.res_district_529,南关区 
yks.res_district_530,宽城区 
yks.res_district_531,朝阳区 
yks.res_district_532,二道区 
yks.res_district_533,绿园区 
yks.res_district_534,双阳区 
yks.res_district_535,农安县 
yks.res_district_536,九台市 
yks.res_district_537,榆树市 
yks.res_district_538,德惠市 
yks.res_district_539,昌邑区 
yks.res_district_540,龙潭区 
yks.res_district_541,船营区 
yks.res_district_542,丰满区 
yks.res_district_543,永吉县 
yks.res_district_544,蛟河市 
yks.res_district_545,桦甸市 
yks.res_district_546,舒兰市 
yks.res_district_547,磐石市 
yks.res_district_548,铁西区 
yks.res_district_549,铁东区 
yks.res_district_550,梨树县 
yks.res_district_551,伊通满族自治县 
yks.res_district_552,公主岭市 
yks.res_district_553,双辽市 
yks.res_district_554,龙山区 
yks.res_district_555,西安区 
yks.res_district_556,东丰县 
yks.res_district_557,东辽县 
yks.res_district_558,东昌区 
yks.res_district_559,二道江区 
yks.res_district_560,通化县 
yks.res_district_561,辉南县 
yks.res_district_562,柳河县 
yks.res_district_563,梅河口市 
yks.res_district_564,集安市 
yks.res_district_565,八道江区 
yks.res_district_566,抚松县 
yks.res_district_567,靖宇县 
yks.res_district_568,长白朝鲜族自治县 
yks.res_district_569,江源县 
yks.res_district_570,临江市 
yks.res_district_571,宁江区 
yks.res_district_572,前郭尔罗斯蒙古族自治县 
yks.res_district_573,长岭县 
yks.res_district_574,乾安县 
yks.res_district_575,扶余县 
yks.res_district_576,洮北区 
yks.res_district_577,镇赉县 
yks.res_district_578,通榆县 
yks.res_district_579,洮南市 
yks.res_district_580,大安市 
yks.res_district_581,延吉市 
yks.res_district_582,图们市 
yks.res_district_583,敦化市 
yks.res_district_584,珲春市 
yks.res_district_585,龙井市 
yks.res_district_586,和龙市 
yks.res_district_587,汪清县 
yks.res_district_588,安图县 
yks.res_district_589,道里区 
yks.res_district_590,南岗区 
yks.res_district_591,道外区 
yks.res_district_592,香坊区 
yks.res_district_593,动力区 
yks.res_district_594,平房区 
yks.res_district_595,松北区 
yks.res_district_596,呼兰区 
yks.res_district_597,依兰县 
yks.res_district_598,方正县 
yks.res_district_599,宾县 
yks.res_district_600,巴彦县 
yks.res_district_601,木兰县 
yks.res_district_602,通河县 
yks.res_district_603,延寿县 
yks.res_district_604,阿城市 
yks.res_district_605,双城市 
yks.res_district_606,尚志市 
yks.res_district_607,五常市 
yks.res_district_608,龙沙区 
yks.res_district_609,建华区 
yks.res_district_610,铁锋区 
yks.res_district_611,昂昂溪区 
yks.res_district_612,富拉尔基区 
yks.res_district_613,碾子山区 
yks.res_district_614,梅里斯达斡尔族区 
yks.res_district_615,龙江县 
yks.res_district_616,依安县 
yks.res_district_617,泰来县 
yks.res_district_618,甘南县 
yks.res_district_619,富裕县 
yks.res_district_620,克山县 
yks.res_district_621,克东县 
yks.res_district_622,拜泉县 
yks.res_district_623,讷河市 
yks.res_district_624,鸡冠区 
yks.res_district_625,恒山区 
yks.res_district_626,滴道区 
yks.res_district_627,梨树区 
yks.res_district_628,城子河区 
yks.res_district_629,麻山区 
yks.res_district_630,鸡东县 
yks.res_district_631,虎林市 
yks.res_district_632,密山市 
yks.res_district_633,向阳区 
yks.res_district_634,工农区 
yks.res_district_635,南山区 
yks.res_district_636,兴安区 
yks.res_district_637,东山区 
yks.res_district_638,兴山区 
yks.res_district_639,萝北县 
yks.res_district_640,绥滨县 
yks.res_district_641,尖山区 
yks.res_district_642,岭东区 
yks.res_district_643,四方台区 
yks.res_district_644,宝山区 
yks.res_district_645,集贤县 
yks.res_district_646,友谊县 
yks.res_district_647,宝清县 
yks.res_district_648,饶河县 
yks.res_district_649,萨尔图区 
yks.res_district_650,龙凤区 
yks.res_district_651,让胡路区 
yks.res_district_652,红岗区 
yks.res_district_653,大同区 
yks.res_district_654,肇州县 
yks.res_district_655,肇源县 
yks.res_district_656,林甸县 
yks.res_district_657,杜尔伯特蒙古族自治县 
yks.res_district_658,伊春区 
yks.res_district_659,南岔区 
yks.res_district_660,友好区 
yks.res_district_661,西林区 
yks.res_district_662,翠峦区 
yks.res_district_663,新青区 
yks.res_district_664,美溪区 
yks.res_district_665,金山屯区 
yks.res_district_666,五营区 
yks.res_district_667,乌马河区 
yks.res_district_668,汤旺河区 
yks.res_district_669,带岭区 
yks.res_district_670,乌伊岭区 
yks.res_district_671,红星区 
yks.res_district_672,上甘岭区 
yks.res_district_673,嘉荫县 
yks.res_district_674,铁力市 
yks.res_district_675,永红区 
yks.res_district_676,向阳区 
yks.res_district_677,前进区 
yks.res_district_678,东风区 
yks.res_district_679,郊区 
yks.res_district_680,桦南县 
yks.res_district_681,桦川县 
yks.res_district_682,汤原县 
yks.res_district_683,抚远县 
yks.res_district_684,同江市 
yks.res_district_685,富锦市 
yks.res_district_686,新兴区 
yks.res_district_687,桃山区 
yks.res_district_688,茄子河区 
yks.res_district_689,勃利县 
yks.res_district_690,东安区 
yks.res_district_691,阳明区 
yks.res_district_692,爱民区 
yks.res_district_693,西安区 
yks.res_district_694,东宁县 
yks.res_district_695,林口县 
yks.res_district_696,绥芬河市 
yks.res_district_697,海林市 
yks.res_district_698,宁安市 
yks.res_district_699,穆棱市 
yks.res_district_700,爱辉区 
yks.res_district_701,嫩江县 
yks.res_district_702,逊克县 
yks.res_district_703,孙吴县 
yks.res_district_704,北安市 
yks.res_district_705,五大连池市 
yks.res_district_706,北林区 
yks.res_district_707,望奎县 
yks.res_district_708,兰西县 
yks.res_district_709,青冈县 
yks.res_district_710,庆安县 
yks.res_district_711,明水县 
yks.res_district_712,绥棱县 
yks.res_district_713,安达市 
yks.res_district_714,肇东市 
yks.res_district_715,海伦市 
yks.res_district_716,呼玛县 
yks.res_district_717,塔河县 
yks.res_district_718,漠河县 
yks.res_district_719,黄浦区 
yks.res_district_720,卢湾区 
yks.res_district_721,徐汇区 
yks.res_district_722,长宁区 
yks.res_district_723,静安区 
yks.res_district_724,普陀区 
yks.res_district_725,闸北区 
yks.res_district_726,虹口区 
yks.res_district_727,杨浦区 
yks.res_district_728,闵行区 
yks.res_district_729,宝山区 
yks.res_district_730,嘉定区 
yks.res_district_731,浦东新区 
yks.res_district_732,金山区 
yks.res_district_733,松江区 
yks.res_district_734,青浦区 
yks.res_district_735,南汇区 
yks.res_district_736,奉贤区 
yks.res_district_737,崇明县 
yks.res_district_738,玄武区 
yks.res_district_739,白下区 
yks.res_district_740,秦淮区 
yks.res_district_741,建邺区 
yks.res_district_742,鼓楼区 
yks.res_district_743,下关区 
yks.res_district_744,浦口区 
yks.res_district_745,栖霞区 
yks.res_district_746,雨花台区 
yks.res_district_747,江宁区 
yks.res_district_748,六合区 
yks.res_district_749,溧水县 
yks.res_district_750,高淳县 
yks.res_district_751,崇安区 
yks.res_district_752,南长区 
yks.res_district_753,北塘区 
yks.res_district_754,锡山区 
yks.res_district_755,惠山区 
yks.res_district_756,滨湖区 
yks.res_district_757,江阴市 
yks.res_district_758,宜兴市 
yks.res_district_759,鼓楼区 
yks.res_district_760,云龙区 
yks.res_district_761,九里区 
yks.res_district_762,贾汪区 
yks.res_district_763,泉山区 
yks.res_district_764,丰县 
yks.res_district_765,沛县 
yks.res_district_766,铜山县 
yks.res_district_767,睢宁县 
yks.res_district_768,新沂市 
yks.res_district_769,邳州市 
yks.res_district_770,天宁区 
yks.res_district_771,钟楼区 
yks.res_district_772,戚墅堰区 
yks.res_district_773,新北区 
yks.res_district_774,武进区 
yks.res_district_775,溧阳市 
yks.res_district_776,金坛市 
yks.res_district_777,沧浪区 
yks.res_district_778,平江区 
yks.res_district_779,金阊区 
yks.res_district_780,虎丘区 
yks.res_district_781,吴中区 
yks.res_district_782,相城区 
yks.res_district_783,常熟市 
yks.res_district_784,张家港市 
yks.res_district_785,昆山市 
yks.res_district_786,吴江市 
yks.res_district_787,太仓市 
yks.res_district_788,崇川区 
yks.res_district_789,港闸区 
yks.res_district_790,海安县 
yks.res_district_791,如东县 
yks.res_district_792,启东市 
yks.res_district_793,如皋市 
yks.res_district_794,通州市 
yks.res_district_795,海门市 
yks.res_district_796,连云区 
yks.res_district_797,新浦区 
yks.res_district_798,海州区 
yks.res_district_799,赣榆县 
yks.res_district_800,东海县 
yks.res_district_801,灌云县 
yks.res_district_802,灌南县 
yks.res_district_803,清河区 
yks.res_district_804,楚州区 
yks.res_district_805,淮阴区 
yks.res_district_806,清浦区 
yks.res_district_807,涟水县 
yks.res_district_808,洪泽县 
yks.res_district_809,盱眙县 
yks.res_district_810,金湖县 
yks.res_district_811,亭湖区 
yks.res_district_812,盐都区 
yks.res_district_813,响水县 
yks.res_district_814,滨海县 
yks.res_district_815,阜宁县 
yks.res_district_816,射阳县 
yks.res_district_817,建湖县 
yks.res_district_818,东台市 
yks.res_district_819,大丰市 
yks.res_district_820,广陵区 
yks.res_district_821,邗江区 
yks.res_district_822,维扬区 
yks.res_district_823,宝应县 
yks.res_district_824,仪征市 
yks.res_district_825,高邮市 
yks.res_district_826,江都市 
yks.res_district_827,京口区 
yks.res_district_828,润州区 
yks.res_district_829,丹徒区 
yks.res_district_830,丹阳市 
yks.res_district_831,扬中市 
yks.res_district_832,句容市 
yks.res_district_833,海陵区 
yks.res_district_834,高港区 
yks.res_district_835,兴化市 
yks.res_district_836,靖江市 
yks.res_district_837,泰兴市 
yks.res_district_838,姜堰市 
yks.res_district_839,宿城区 
yks.res_district_840,宿豫区 
yks.res_district_841,沭阳县 
yks.res_district_842,泗阳县 
yks.res_district_843,泗洪县 
yks.res_district_844,上城区 
yks.res_district_845,下城区 
yks.res_district_846,江干区 
yks.res_district_847,拱墅区 
yks.res_district_848,西湖区 
yks.res_district_849,滨江区 
yks.res_district_850,萧山区 
yks.res_district_851,余杭区 
yks.res_district_852,桐庐县 
yks.res_district_853,淳安县 
yks.res_district_854,建德市 
yks.res_district_855,富阳市 
yks.res_district_856,临安市 
yks.res_district_857,海曙区 
yks.res_district_858,江东区 
yks.res_district_859,江北区 
yks.res_district_860,北仑区 
yks.res_district_861,镇海区 
yks.res_district_862,鄞州区 
yks.res_district_863,象山县 
yks.res_district_864,宁海县 
yks.res_district_865,余姚市 
yks.res_district_866,慈溪市 
yks.res_district_867,奉化市 
yks.res_district_868,鹿城区 
yks.res_district_869,龙湾区 
yks.res_district_870,瓯海区 
yks.res_district_871,洞头县 
yks.res_district_872,永嘉县 
yks.res_district_873,平阳县 
yks.res_district_874,苍南县 
yks.res_district_875,文成县 
yks.res_district_876,泰顺县 
yks.res_district_877,瑞安市 
yks.res_district_878,乐清市 
yks.res_district_879,秀城区 
yks.res_district_880,秀洲区 
yks.res_district_881,嘉善县 
yks.res_district_882,海盐县 
yks.res_district_883,海宁市 
yks.res_district_884,平湖市 
yks.res_district_885,桐乡市 
yks.res_district_886,吴兴区 
yks.res_district_887,南浔区 
yks.res_district_888,德清县 
yks.res_district_889,长兴县 
yks.res_district_890,安吉县 
yks.res_district_891,越城区 
yks.res_district_892,绍兴县 
yks.res_district_893,新昌县 
yks.res_district_894,诸暨市 
yks.res_district_895,上虞市 
yks.res_district_896,嵊州市 
yks.res_district_897,婺城区 
yks.res_district_898,金东区 
yks.res_district_899,武义县 
yks.res_district_900,浦江县 
yks.res_district_901,磐安县 
yks.res_district_902,兰溪市 
yks.res_district_903,义乌市 
yks.res_district_904,东阳市 
yks.res_district_905,永康市 
yks.res_district_906,柯城区 
yks.res_district_907,衢江区 
yks.res_district_908,常山县 
yks.res_district_909,开化县 
yks.res_district_910,龙游县 
yks.res_district_911,江山市 
yks.res_district_912,定海区 
yks.res_district_913,普陀区 
yks.res_district_914,岱山县 
yks.res_district_915,嵊泗县 
yks.res_district_916,椒江区 
yks.res_district_917,黄岩区 
yks.res_district_918,路桥区 
yks.res_district_919,玉环县 
yks.res_district_920,三门县 
yks.res_district_921,天台县 
yks.res_district_922,仙居县 
yks.res_district_923,温岭市 
yks.res_district_924,临海市 
yks.res_district_925,莲都区 
yks.res_district_926,青田县 
yks.res_district_927,缙云县 
yks.res_district_928,遂昌县 
yks.res_district_929,松阳县 
yks.res_district_930,云和县 
yks.res_district_931,庆元县 
yks.res_district_932,景宁畲族自治县 
yks.res_district_933,龙泉市 
yks.res_district_934,瑶海区 
yks.res_district_935,庐阳区 
yks.res_district_936,蜀山区 
yks.res_district_937,包河区 
yks.res_district_938,长丰县 
yks.res_district_939,肥东县 
yks.res_district_940,肥西县 
yks.res_district_941,镜湖区 
yks.res_district_942,马塘区 
yks.res_district_943,新芜区 
yks.res_district_944,鸠江区 
yks.res_district_945,芜湖县 
yks.res_district_946,繁昌县 
yks.res_district_947,南陵县 
yks.res_district_948,龙子湖区 
yks.res_district_949,蚌山区 
yks.res_district_950,禹会区 
yks.res_district_951,淮上区 
yks.res_district_952,怀远县 
yks.res_district_953,五河县 
yks.res_district_954,固镇县 
yks.res_district_955,大通区 
yks.res_district_956,田家庵区 
yks.res_district_957,谢家集区 
yks.res_district_958,八公山区 
yks.res_district_959,潘集区 
yks.res_district_960,凤台县 
yks.res_district_961,金家庄区 
yks.res_district_962,花山区 
yks.res_district_963,雨山区 
yks.res_district_964,当涂县 
yks.res_district_965,杜集区 
yks.res_district_966,相山区 
yks.res_district_967,烈山区 
yks.res_district_968,濉溪县 
yks.res_district_969,铜官山区 
yks.res_district_970,狮子山区 
yks.res_district_971,郊区 
yks.res_district_972,铜陵县 
yks.res_district_973,迎江区 
yks.res_district_974,大观区 
yks.res_district_975,郊区 
yks.res_district_976,怀宁县 
yks.res_district_977,枞阳县 
yks.res_district_978,潜山县 
yks.res_district_979,太湖县 
yks.res_district_980,宿松县 
yks.res_district_981,望江县 
yks.res_district_982,岳西县 
yks.res_district_983,桐城市 
yks.res_district_984,屯溪区 
yks.res_district_985,黄山区 
yks.res_district_986,徽州区 
yks.res_district_987,歙县 
yks.res_district_988,休宁县 
yks.res_district_989,黟县 
yks.res_district_990,祁门县 
yks.res_district_991,琅琊区 
yks.res_district_992,南谯区 
yks.res_district_993,来安县 
yks.res_district_994,全椒县 
yks.res_district_995,定远县 
yks.res_district_996,凤阳县 
yks.res_district_997,天长市 
yks.res_district_998,明光市 
yks.res_district_999,颍州区 
yks.res_district_1000,颍东区 
yks.res_district_1001,颍泉区 
yks.res_district_1002,临泉县 
yks.res_district_1003,太和县 
yks.res_district_1004,阜南县 
yks.res_district_1005,颍上县 
yks.res_district_1006,界首市 
yks.res_district_1007,埇桥区 
yks.res_district_1008,砀山县 
yks.res_district_1009,萧县 
yks.res_district_1010,灵璧县 
yks.res_district_1011,泗县 
yks.res_district_1012,居巢区 
yks.res_district_1013,庐江县 
yks.res_district_1014,无为县 
yks.res_district_1015,含山县 
yks.res_district_1016,和县 
yks.res_district_1017,金安区 
yks.res_district_1018,裕安区 
yks.res_district_1019,寿县 
yks.res_district_1020,霍邱县 
yks.res_district_1021,舒城县 
yks.res_district_1022,金寨县 
yks.res_district_1023,霍山县 
yks.res_district_1024,谯城区 
yks.res_district_1025,涡阳县 
yks.res_district_1026,蒙城县 
yks.res_district_1027,利辛县 
yks.res_district_1028,贵池区 
yks.res_district_1029,东至县 
yks.res_district_1030,石台县 
yks.res_district_1031,青阳县 
yks.res_district_1032,宣州区 
yks.res_district_1033,郎溪县 
yks.res_district_1034,广德县 
yks.res_district_1035,泾县 
yks.res_district_1036,绩溪县 
yks.res_district_1037,旌德县 
yks.res_district_1038,宁国市 
yks.res_district_1039,鼓楼区 
yks.res_district_1040,台江区 
yks.res_district_1041,仓山区 
yks.res_district_1042,马尾区 
yks.res_district_1043,晋安区 
yks.res_district_1044,闽侯县 
yks.res_district_1045,连江县 
yks.res_district_1046,罗源县 
yks.res_district_1047,闽清县 
yks.res_district_1048,永泰县 
yks.res_district_1049,平潭县 
yks.res_district_1050,福清市 
yks.res_district_1051,长乐市 
yks.res_district_1052,思明区 
yks.res_district_1053,海沧区 
yks.res_district_1054,湖里区 
yks.res_district_1055,集美区 
yks.res_district_1056,同安区 
yks.res_district_1057,翔安区 
yks.res_district_1058,城厢区 
yks.res_district_1059,涵江区 
yks.res_district_1060,荔城区 
yks.res_district_1061,秀屿区 
yks.res_district_1062,仙游县 
yks.res_district_1063,梅列区 
yks.res_district_1064,三元区 
yks.res_district_1065,明溪县 
yks.res_district_1066,清流县 
yks.res_district_1067,宁化县 
yks.res_district_1068,大田县 
yks.res_district_1069,尤溪县 
yks.res_district_1070,沙县 
yks.res_district_1071,将乐县 
yks.res_district_1072,泰宁县 
yks.res_district_1073,建宁县 
yks.res_district_1074,永安市 
yks.res_district_1075,鲤城区 
yks.res_district_1076,丰泽区 
yks.res_district_1077,洛江区 
yks.res_district_1078,泉港区 
yks.res_district_1079,惠安县 
yks.res_district_1080,安溪县 
yks.res_district_1081,永春县 
yks.res_district_1082,德化县 
yks.res_district_1083,金门县 
yks.res_district_1084,石狮市 
yks.res_district_1085,晋江市 
yks.res_district_1086,南安市 
yks.res_district_1087,芗城区 
yks.res_district_1088,龙文区 
yks.res_district_1089,云霄县 
yks.res_district_1090,漳浦县 
yks.res_district_1091,诏安县 
yks.res_district_1092,长泰县 
yks.res_district_1093,东山县 
yks.res_district_1094,南靖县 
yks.res_district_1095,平和县 
yks.res_district_1096,华安县 
yks.res_district_1097,龙海市 
yks.res_district_1098,延平区 
yks.res_district_1099,顺昌县 
yks.res_district_1100,浦城县 
yks.res_district_1101,光泽县 
yks.res_district_1102,松溪县 
yks.res_district_1103,政和县 
yks.res_district_1104,邵武市 
yks.res_district_1105,武夷山市 
yks.res_district_1106,建瓯市 
yks.res_district_1107,建阳市 
yks.res_district_1108,新罗区 
yks.res_district_1109,长汀县 
yks.res_district_1110,永定县 
yks.res_district_1111,上杭县 
yks.res_district_1112,武平县 
yks.res_district_1113,连城县 
yks.res_district_1114,漳平市 
yks.res_district_1115,蕉城区 
yks.res_district_1116,霞浦县 
yks.res_district_1117,古田县 
yks.res_district_1118,屏南县 
yks.res_district_1119,寿宁县 
yks.res_district_1120,周宁县 
yks.res_district_1121,柘荣县 
yks.res_district_1122,福安市 
yks.res_district_1123,福鼎市 
yks.res_district_1124,东湖区 
yks.res_district_1125,西湖区 
yks.res_district_1126,青云谱区 
yks.res_district_1127,湾里区 
yks.res_district_1128,青山湖区 
yks.res_district_1129,南昌县 
yks.res_district_1130,新建县 
yks.res_district_1131,安义县 
yks.res_district_1132,进贤县 
yks.res_district_1133,昌江区 
yks.res_district_1134,珠山区 
yks.res_district_1135,浮梁县 
yks.res_district_1136,乐平市 
yks.res_district_1137,安源区 
yks.res_district_1138,湘东区 
yks.res_district_1139,莲花县 
yks.res_district_1140,上栗县 
yks.res_district_1141,芦溪县 
yks.res_district_1142,庐山区 
yks.res_district_1143,浔阳区 
yks.res_district_1144,九江县 
yks.res_district_1145,武宁县 
yks.res_district_1146,修水县 
yks.res_district_1147,永修县 
yks.res_district_1148,德安县 
yks.res_district_1149,星子县 
yks.res_district_1150,都昌县 
yks.res_district_1151,湖口县 
yks.res_district_1152,彭泽县 
yks.res_district_1153,瑞昌市 
yks.res_district_1154,渝水区 
yks.res_district_1155,分宜县 
yks.res_district_1156,月湖区 
yks.res_district_1157,余江县 
yks.res_district_1158,贵溪市 
yks.res_district_1159,章贡区 
yks.res_district_1160,赣县 
yks.res_district_1161,信丰县 
yks.res_district_1162,大余县 
yks.res_district_1163,上犹县 
yks.res_district_1164,崇义县 
yks.res_district_1165,安远县 
yks.res_district_1166,龙南县 
yks.res_district_1167,定南县 
yks.res_district_1168,全南县 
yks.res_district_1169,宁都县 
yks.res_district_1170,于都县 
yks.res_district_1171,兴国县 
yks.res_district_1172,会昌县 
yks.res_district_1173,寻乌县 
yks.res_district_1174,石城县 
yks.res_district_1175,瑞金市 
yks.res_district_1176,南康市 
yks.res_district_1177,吉州区 
yks.res_district_1178,青原区 
yks.res_district_1179,吉安县 
yks.res_district_1180,吉水县 
yks.res_district_1181,峡江县 
yks.res_district_1182,新干县 
yks.res_district_1183,永丰县 
yks.res_district_1184,泰和县 
yks.res_district_1185,遂川县 
yks.res_district_1186,万安县 
yks.res_district_1187,安福县 
yks.res_district_1188,永新县 
yks.res_district_1189,井冈山市 
yks.res_district_1190,袁州区 
yks.res_district_1191,奉新县 
yks.res_district_1192,万载县 
yks.res_district_1193,上高县 
yks.res_district_1194,宜丰县 
yks.res_district_1195,靖安县 
yks.res_district_1196,铜鼓县 
yks.res_district_1197,丰城市 
yks.res_district_1198,樟树市 
yks.res_district_1199,高安市 
yks.res_district_1200,临川区 
yks.res_district_1201,南城县 
yks.res_district_1202,黎川县 
yks.res_district_1203,南丰县 
yks.res_district_1204,崇仁县 
yks.res_district_1205,乐安县 
yks.res_district_1206,宜黄县 
yks.res_district_1207,金溪县 
yks.res_district_1208,资溪县 
yks.res_district_1209,东乡县 
yks.res_district_1210,广昌县 
yks.res_district_1211,信州区 
yks.res_district_1212,上饶县 
yks.res_district_1213,广丰县 
yks.res_district_1214,玉山县 
yks.res_district_1215,铅山县 
yks.res_district_1216,横峰县 
yks.res_district_1217,弋阳县 
yks.res_district_1218,余干县 
yks.res_district_1219,鄱阳县 
yks.res_district_1220,万年县 
yks.res_district_1221,婺源县 
yks.res_district_1222,德兴市 
yks.res_district_1223,历下区 
yks.res_district_1224,市中区 
yks.res_district_1225,槐荫区 
yks.res_district_1226,天桥区 
yks.res_district_1227,历城区 
yks.res_district_1228,长清区 
yks.res_district_1229,平阴县 
yks.res_district_1230,济阳县 
yks.res_district_1231,商河县 
yks.res_district_1232,章丘市 
yks.res_district_1233,市南区 
yks.res_district_1234,市北区 
yks.res_district_1235,四方区 
yks.res_district_1236,黄岛区 
yks.res_district_1237,崂山区 
yks.res_district_1238,李沧区 
yks.res_district_1239,城阳区 
yks.res_district_1240,胶州市 
yks.res_district_1241,即墨市 
yks.res_district_1242,平度市 
yks.res_district_1243,胶南市 
yks.res_district_1244,莱西市 
yks.res_district_1245,淄川区 
yks.res_district_1246,张店区 
yks.res_district_1247,博山区 
yks.res_district_1248,临淄区 
yks.res_district_1249,周村区 
yks.res_district_1250,桓台县 
yks.res_district_1251,高青县 
yks.res_district_1252,沂源县 
yks.res_district_1253,市中区 
yks.res_district_1254,薛城区 
yks.res_district_1255,峄城区 
yks.res_district_1256,台儿庄区 
yks.res_district_1257,山亭区 
yks.res_district_1258,滕州市 
yks.res_district_1259,东营区 
yks.res_district_1260,河口区 
yks.res_district_1261,垦利县 
yks.res_district_1262,利津县 
yks.res_district_1263,广饶县 
yks.res_district_1264,芝罘区 
yks.res_district_1265,福山区 
yks.res_district_1266,牟平区 
yks.res_district_1267,莱山区 
yks.res_district_1268,长岛县 
yks.res_district_1269,龙口市 
yks.res_district_1270,莱阳市 
yks.res_district_1271,莱州市 
yks.res_district_1272,蓬莱市 
yks.res_district_1273,招远市 
yks.res_district_1274,栖霞市 
yks.res_district_1275,海阳市 
yks.res_district_1276,潍城区 
yks.res_district_1277,寒亭区 
yks.res_district_1278,坊子区 
yks.res_district_1279,奎文区 
yks.res_district_1280,临朐县 
yks.res_district_1281,昌乐县 
yks.res_district_1282,青州市 
yks.res_district_1283,诸城市 
yks.res_district_1284,寿光市 
yks.res_district_1285,安丘市 
yks.res_district_1286,高密市 
yks.res_district_1287,昌邑市 
yks.res_district_1288,市中区 
yks.res_district_1289,任城区 
yks.res_district_1290,微山县 
yks.res_district_1291,鱼台县 
yks.res_district_1292,金乡县 
yks.res_district_1293,嘉祥县 
yks.res_district_1294,汶上县 
yks.res_district_1295,泗水县 
yks.res_district_1296,梁山县 
yks.res_district_1297,曲阜市 
yks.res_district_1298,兖州市 
yks.res_district_1299,邹城市 
yks.res_district_1300,泰山区 
yks.res_district_1301,岱岳区 
yks.res_district_1302,宁阳县 
yks.res_district_1303,东平县 
yks.res_district_1304,新泰市 
yks.res_district_1305,肥城市 
yks.res_district_1306,环翠区 
yks.res_district_1307,文登市 
yks.res_district_1308,荣成市 
yks.res_district_1309,乳山市 
yks.res_district_1310,东港区 
yks.res_district_1311,岚山区 
yks.res_district_1312,五莲县 
yks.res_district_1313,莒县 
yks.res_district_1314,莱城区 
yks.res_district_1315,钢城区 
yks.res_district_1316,兰山区 
yks.res_district_1317,罗庄区 
yks.res_district_1318,河东区 
yks.res_district_1319,沂南县 
yks.res_district_1320,郯城县 
yks.res_district_1321,沂水县 
yks.res_district_1322,苍山县 
yks.res_district_1323,费县 
yks.res_district_1324,平邑县 
yks.res_district_1325,莒南县 
yks.res_district_1326,蒙阴县 
yks.res_district_1327,临沭县 
yks.res_district_1328,德城区 
yks.res_district_1329,陵县 
yks.res_district_1330,宁津县 
yks.res_district_1331,庆云县 
yks.res_district_1332,临邑县 
yks.res_district_1333,齐河县 
yks.res_district_1334,平原县 
yks.res_district_1335,夏津县 
yks.res_district_1336,武城县 
yks.res_district_1337,乐陵市 
yks.res_district_1338,禹城市 
yks.res_district_1339,东昌府区 
yks.res_district_1340,阳谷县 
yks.res_district_1341,莘县 
yks.res_district_1342,茌平县 
yks.res_district_1343,东阿县 
yks.res_district_1344,冠县 
yks.res_district_1345,高唐县 
yks.res_district_1346,临清市 
yks.res_district_1347,滨城区 
yks.res_district_1348,惠民县 
yks.res_district_1349,阳信县 
yks.res_district_1350,无棣县 
yks.res_district_1351,沾化县 
yks.res_district_1352,博兴县 
yks.res_district_1353,邹平县 
yks.res_district_1354,牡丹区 
yks.res_district_1355,曹县 
yks.res_district_1356,单县 
yks.res_district_1357,成武县 
yks.res_district_1358,巨野县 
yks.res_district_1359,郓城县 
yks.res_district_1360,鄄城县 
yks.res_district_1361,定陶县 
yks.res_district_1362,东明县 
yks.res_district_1363,中原区 
yks.res_district_1364,二七区 
yks.res_district_1365,管城回族区 
yks.res_district_1366,金水区 
yks.res_district_1367,上街区 
yks.res_district_1368,惠济区 
yks.res_district_1369,中牟县 
yks.res_district_1370,巩义市 
yks.res_district_1371,荥阳市 
yks.res_district_1372,新密市 
yks.res_district_1373,新郑市 
yks.res_district_1374,登封市 
yks.res_district_1375,龙亭区 
yks.res_district_1376,顺河回族区 
yks.res_district_1377,鼓楼区 
yks.res_district_1378,南关区 
yks.res_district_1379,郊区 
yks.res_district_1380,杞县 
yks.res_district_1381,通许县 
yks.res_district_1382,尉氏县 
yks.res_district_1383,开封县 
yks.res_district_1384,兰考县 
yks.res_district_1385,老城区 
yks.res_district_1386,西工区 
yks.res_district_1387,廛河回族区 
yks.res_district_1388,涧西区 
yks.res_district_1389,吉利区 
yks.res_district_1390,洛龙区 
yks.res_district_1391,孟津县 
yks.res_district_1392,新安县 
yks.res_district_1393,栾川县 
yks.res_district_1394,嵩县 
yks.res_district_1395,汝阳县 
yks.res_district_1396,宜阳县 
yks.res_district_1397,洛宁县 
yks.res_district_1398,伊川县 
yks.res_district_1399,偃师市 
yks.res_district_1400,新华区 
yks.res_district_1401,卫东区 
yks.res_district_1402,石龙区 
yks.res_district_1403,湛河区 
yks.res_district_1404,宝丰县 
yks.res_district_1405,叶县 
yks.res_district_1406,鲁山县 
yks.res_district_1407,郏县 
yks.res_district_1408,舞钢市 
yks.res_district_1409,汝州市 
yks.res_district_1410,文峰区 
yks.res_district_1411,北关区 
yks.res_district_1412,殷都区 
yks.res_district_1413,龙安区 
yks.res_district_1414,安阳县 
yks.res_district_1415,汤阴县 
yks.res_district_1416,滑县 
yks.res_district_1417,内黄县 
yks.res_district_1418,林州市 
yks.res_district_1419,鹤山区 
yks.res_district_1420,山城区 
yks.res_district_1421,淇滨区 
yks.res_district_1422,浚县 
yks.res_district_1423,淇县 
yks.res_district_1424,红旗区 
yks.res_district_1425,卫滨区 
yks.res_district_1426,凤泉区 
yks.res_district_1427,牧野区 
yks.res_district_1428,新乡县 
yks.res_district_1429,获嘉县 
yks.res_district_1430,原阳县 
yks.res_district_1431,延津县 
yks.res_district_1432,封丘县 
yks.res_district_1433,长垣县 
yks.res_district_1434,卫辉市 
yks.res_district_1435,辉县市 
yks.res_district_1436,解放区 
yks.res_district_1437,中站区 
yks.res_district_1438,马村区 
yks.res_district_1439,山阳区 
yks.res_district_1440,修武县 
yks.res_district_1441,博爱县 
yks.res_district_1442,武陟县 
yks.res_district_1443,温县 
yks.res_district_1444,济源市 
yks.res_district_1445,沁阳市 
yks.res_district_1446,孟州市 
yks.res_district_1447,华龙区 
yks.res_district_1448,清丰县 
yks.res_district_1449,南乐县 
yks.res_district_1450,范县 
yks.res_district_1451,台前县 
yks.res_district_1452,濮阳县 
yks.res_district_1453,魏都区 
yks.res_district_1454,许昌县 
yks.res_district_1455,鄢陵县 
yks.res_district_1456,襄城县 
yks.res_district_1457,禹州市 
yks.res_district_1458,长葛市 
yks.res_district_1459,源汇区 
yks.res_district_1460,郾城区 
yks.res_district_1461,召陵区 
yks.res_district_1462,舞阳县 
yks.res_district_1463,临颍县 
yks.res_district_1464,市辖区 
yks.res_district_1465,湖滨区 
yks.res_district_1466,渑池县 
yks.res_district_1467,陕县 
yks.res_district_1468,卢氏县 
yks.res_district_1469,义马市 
yks.res_district_1470,灵宝市 
yks.res_district_1471,宛城区 
yks.res_district_1472,卧龙区 
yks.res_district_1473,南召县 
yks.res_district_1474,方城县 
yks.res_district_1475,西峡县 
yks.res_district_1476,镇平县 
yks.res_district_1477,内乡县 
yks.res_district_1478,淅川县 
yks.res_district_1479,社旗县 
yks.res_district_1480,唐河县 
yks.res_district_1481,新野县 
yks.res_district_1482,桐柏县 
yks.res_district_1483,邓州市 
yks.res_district_1484,梁园区 
yks.res_district_1485,睢阳区 
yks.res_district_1486,民权县 
yks.res_district_1487,睢县 
yks.res_district_1488,宁陵县 
yks.res_district_1489,柘城县 
yks.res_district_1490,虞城县 
yks.res_district_1491,夏邑县 
yks.res_district_1492,永城市 
yks.res_district_1493,浉河区 
yks.res_district_1494,平桥区 
yks.res_district_1495,罗山县 
yks.res_district_1496,光山县 
yks.res_district_1497,新县 
yks.res_district_1498,商城县 
yks.res_district_1499,固始县 
yks.res_district_1500,潢川县 
yks.res_district_1501,淮滨县 
yks.res_district_1502,息县 
yks.res_district_1503,川汇区 
yks.res_district_1504,扶沟县 
yks.res_district_1505,西华县 
yks.res_district_1506,商水县 
yks.res_district_1507,沈丘县 
yks.res_district_1508,郸城县 
yks.res_district_1509,淮阳县 
yks.res_district_1510,太康县 
yks.res_district_1511,鹿邑县 
yks.res_district_1512,项城市 
yks.res_district_1513,驿城区 
yks.res_district_1514,西平县 
yks.res_district_1515,上蔡县 
yks.res_district_1516,平舆县 
yks.res_district_1517,正阳县 
yks.res_district_1518,确山县 
yks.res_district_1519,泌阳县 
yks.res_district_1520,汝南县 
yks.res_district_1521,遂平县 
yks.res_district_1522,新蔡县 
yks.res_district_1523,江岸区 
yks.res_district_1524,江汉区 
yks.res_district_1525,硚口区 
yks.res_district_1526,汉阳区 
yks.res_district_1527,武昌区 
yks.res_district_1528,青山区 
yks.res_district_1529,洪山区 
yks.res_district_1530,东西湖区 
yks.res_district_1531,汉南区 
yks.res_district_1532,蔡甸区 
yks.res_district_1533,江夏区 
yks.res_district_1534,黄陂区 
yks.res_district_1535,新洲区 
yks.res_district_1536,黄石港区 
yks.res_district_1537,西塞山区 
yks.res_district_1538,下陆区 
yks.res_district_1539,铁山区 
yks.res_district_1540,阳新县 
yks.res_district_1541,大冶市 
yks.res_district_1542,茅箭区 
yks.res_district_1543,张湾区 
yks.res_district_1544,郧县 
yks.res_district_1545,郧西县 
yks.res_district_1546,竹山县 
yks.res_district_1547,竹溪县 
yks.res_district_1548,房县 
yks.res_district_1549,丹江口市 
yks.res_district_1550,西陵区 
yks.res_district_1551,伍家岗区 
yks.res_district_1552,点军区 
yks.res_district_1553,猇亭区 
yks.res_district_1554,夷陵区 
yks.res_district_1555,远安县 
yks.res_district_1556,兴山县 
yks.res_district_1557,秭归县 
yks.res_district_1558,长阳土家族自治县 
yks.res_district_1559,五峰土家族自治县 
yks.res_district_1560,宜都市 
yks.res_district_1561,当阳市 
yks.res_district_1562,枝江市 
yks.res_district_1563,襄城区 
yks.res_district_1564,樊城区 
yks.res_district_1565,襄阳区 
yks.res_district_1566,南漳县 
yks.res_district_1567,谷城县 
yks.res_district_1568,保康县 
yks.res_district_1569,老河口市 
yks.res_district_1570,枣阳市 
yks.res_district_1571,宜城市 
yks.res_district_1572,梁子湖区 
yks.res_district_1573,华容区 
yks.res_district_1574,鄂城区 
yks.res_district_1575,东宝区 
yks.res_district_1576,掇刀区 
yks.res_district_1577,京山县 
yks.res_district_1578,沙洋县 
yks.res_district_1579,钟祥市 
yks.res_district_1580,孝南区 
yks.res_district_1581,孝昌县 
yks.res_district_1582,大悟县 
yks.res_district_1583,云梦县 
yks.res_district_1584,应城市 
yks.res_district_1585,安陆市 
yks.res_district_1586,汉川市 
yks.res_district_1587,沙市区 
yks.res_district_1588,荆州区 
yks.res_district_1589,公安县 
yks.res_district_1590,监利县 
yks.res_district_1591,江陵县 
yks.res_district_1592,石首市 
yks.res_district_1593,洪湖市 
yks.res_district_1594,松滋市 
yks.res_district_1595,黄州区 
yks.res_district_1596,团风县 
yks.res_district_1597,红安县 
yks.res_district_1598,罗田县 
yks.res_district_1599,英山县 
yks.res_district_1600,浠水县 
yks.res_district_1601,蕲春县 
yks.res_district_1602,黄梅县 
yks.res_district_1603,麻城市 
yks.res_district_1604,武穴市 
yks.res_district_1605,咸安区 
yks.res_district_1606,嘉鱼县 
yks.res_district_1607,通城县 
yks.res_district_1608,崇阳县 
yks.res_district_1609,通山县 
yks.res_district_1610,赤壁市 
yks.res_district_1611,曾都区 
yks.res_district_1612,广水市 
yks.res_district_1613,恩施市 
yks.res_district_1614,利川市 
yks.res_district_1615,建始县 
yks.res_district_1616,巴东县 
yks.res_district_1617,宣恩县 
yks.res_district_1618,咸丰县 
yks.res_district_1619,来凤县 
yks.res_district_1620,鹤峰县 
yks.res_district_1621,仙桃市 
yks.res_district_1622,潜江市 
yks.res_district_1623,天门市 
yks.res_district_1624,神农架林区 
yks.res_district_1625,芙蓉区 
yks.res_district_1626,天心区 
yks.res_district_1627,岳麓区 
yks.res_district_1628,开福区 
yks.res_district_1629,雨花区 
yks.res_district_1630,长沙县 
yks.res_district_1631,望城县 
yks.res_district_1632,宁乡县 
yks.res_district_1633,浏阳市 
yks.res_district_1634,荷塘区 
yks.res_district_1635,芦淞区 
yks.res_district_1636,石峰区 
yks.res_district_1637,天元区 
yks.res_district_1638,株洲县 
yks.res_district_1639,攸县 
yks.res_district_1640,茶陵县 
yks.res_district_1641,炎陵县 
yks.res_district_1642,醴陵市 
yks.res_district_1643,雨湖区 
yks.res_district_1644,岳塘区 
yks.res_district_1645,湘潭县 
yks.res_district_1646,湘乡市 
yks.res_district_1647,韶山市 
yks.res_district_1648,珠晖区 
yks.res_district_1649,雁峰区 
yks.res_district_1650,石鼓区 
yks.res_district_1651,蒸湘区 
yks.res_district_1652,南岳区 
yks.res_district_1653,衡阳县 
yks.res_district_1654,衡南县 
yks.res_district_1655,衡山县 
yks.res_district_1656,衡东县 
yks.res_district_1657,祁东县 
yks.res_district_1658,耒阳市 
yks.res_district_1659,常宁市 
yks.res_district_1660,双清区 
yks.res_district_1661,大祥区 
yks.res_district_1662,北塔区 
yks.res_district_1663,邵东县 
yks.res_district_1664,新邵县 
yks.res_district_1665,邵阳县 
yks.res_district_1666,隆回县 
yks.res_district_1667,洞口县 
yks.res_district_1668,绥宁县 
yks.res_district_1669,新宁县 
yks.res_district_1670,城步苗族自治县 
yks.res_district_1671,武冈市 
yks.res_district_1672,岳阳楼区 
yks.res_district_1673,云溪区 
yks.res_district_1674,君山区 
yks.res_district_1675,岳阳县 
yks.res_district_1676,华容县 
yks.res_district_1677,湘阴县 
yks.res_district_1678,平江县 
yks.res_district_1679,汨罗市 
yks.res_district_1680,临湘市 
yks.res_district_1681,武陵区 
yks.res_district_1682,鼎城区 
yks.res_district_1683,安乡县 
yks.res_district_1684,汉寿县 
yks.res_district_1685,澧县 
yks.res_district_1686,临澧县 
yks.res_district_1687,桃源县 
yks.res_district_1688,石门县 
yks.res_district_1689,津市市 
yks.res_district_1690,永定区 
yks.res_district_1691,武陵源区 
yks.res_district_1692,慈利县 
yks.res_district_1693,桑植县 
yks.res_district_1694,资阳区 
yks.res_district_1695,赫山区 
yks.res_district_1696,南县 
yks.res_district_1697,桃江县 
yks.res_district_1698,安化县 
yks.res_district_1699,沅江市 
yks.res_district_1700,北湖区 
yks.res_district_1701,苏仙区 
yks.res_district_1702,桂阳县 
yks.res_district_1703,宜章县 
yks.res_district_1704,永兴县 
yks.res_district_1705,嘉禾县 
yks.res_district_1706,临武县 
yks.res_district_1707,汝城县 
yks.res_district_1708,桂东县 
yks.res_district_1709,安仁县 
yks.res_district_1710,资兴市 
yks.res_district_1711,芝山区 
yks.res_district_1712,冷水滩区 
yks.res_district_1713,祁阳县 
yks.res_district_1714,东安县 
yks.res_district_1715,双牌县 
yks.res_district_1716,道县 
yks.res_district_1717,江永县 
yks.res_district_1718,宁远县 
yks.res_district_1719,蓝山县 
yks.res_district_1720,新田县 
yks.res_district_1721,江华瑶族自治县 
yks.res_district_1722,鹤城区 
yks.res_district_1723,中方县 
yks.res_district_1724,沅陵县 
yks.res_district_1725,辰溪县 
yks.res_district_1726,溆浦县 
yks.res_district_1727,会同县 
yks.res_district_1728,麻阳苗族自治县 
yks.res_district_1729,新晃侗族自治县 
yks.res_district_1730,芷江侗族自治县 
yks.res_district_1731,靖州苗族侗族自治县 
yks.res_district_1732,通道侗族自治县 
yks.res_district_1733,洪江市 
yks.res_district_1734,娄星区 
yks.res_district_1735,双峰县 
yks.res_district_1736,新化县 
yks.res_district_1737,冷水江市 
yks.res_district_1738,涟源市 
yks.res_district_1739,吉首市 
yks.res_district_1740,泸溪县 
yks.res_district_1741,凤凰县 
yks.res_district_1742,花垣县 
yks.res_district_1743,保靖县 
yks.res_district_1744,古丈县 
yks.res_district_1745,永顺县 
yks.res_district_1746,龙山县 
yks.res_district_1747,东山区 
yks.res_district_1748,荔湾区 
yks.res_district_1749,越秀区 
yks.res_district_1750,海珠区 
yks.res_district_1751,天河区 
yks.res_district_1752,芳村区 
yks.res_district_1753,白云区 
yks.res_district_1754,黄埔区 
yks.res_district_1755,番禺区 
yks.res_district_1756,花都区 
yks.res_district_1757,增城市 
yks.res_district_1758,从化市 
yks.res_district_1759,武江区 
yks.res_district_1760,浈江区 
yks.res_district_1761,曲江区 
yks.res_district_1762,始兴县 
yks.res_district_1763,仁化县 
yks.res_district_1764,翁源县 
yks.res_district_1765,乳源瑶族自治县 
yks.res_district_1766,新丰县 
yks.res_district_1767,乐昌市 
yks.res_district_1768,南雄市 
yks.res_district_1769,罗湖区 
yks.res_district_1770,福田区 
yks.res_district_1771,南山区 
yks.res_district_1772,宝安区 
yks.res_district_1773,龙岗区 
yks.res_district_1774,盐田区 
yks.res_district_1775,香洲区 
yks.res_district_1776,斗门区 
yks.res_district_1777,金湾区 
yks.res_district_1778,龙湖区 
yks.res_district_1779,金平区 
yks.res_district_1780,濠江区 
yks.res_district_1781,潮阳区 
yks.res_district_1782,潮南区 
yks.res_district_1783,澄海区 
yks.res_district_1784,南澳县 
yks.res_district_1785,禅城区 
yks.res_district_1786,南海区 
yks.res_district_1787,顺德区 
yks.res_district_1788,三水区 
yks.res_district_1789,高明区 
yks.res_district_1790,蓬江区 
yks.res_district_1791,江海区 
yks.res_district_1792,新会区 
yks.res_district_1793,台山市 
yks.res_district_1794,开平市 
yks.res_district_1795,鹤山市 
yks.res_district_1796,恩平市 
yks.res_district_1797,赤坎区 
yks.res_district_1798,霞山区 
yks.res_district_1799,坡头区 
yks.res_district_1800,麻章区 
yks.res_district_1801,遂溪县 
yks.res_district_1802,徐闻县 
yks.res_district_1803,廉江市 
yks.res_district_1804,雷州市 
yks.res_district_1805,吴川市 
yks.res_district_1806,茂南区 
yks.res_district_1807,茂港区 
yks.res_district_1808,电白县 
yks.res_district_1809,高州市 
yks.res_district_1810,化州市 
yks.res_district_1811,信宜市 
yks.res_district_1812,端州区 
yks.res_district_1813,鼎湖区 
yks.res_district_1814,广宁县 
yks.res_district_1815,怀集县 
yks.res_district_1816,封开县 
yks.res_district_1817,德庆县 
yks.res_district_1818,高要市 
yks.res_district_1819,四会市 
yks.res_district_1820,惠城区 
yks.res_district_1821,惠阳区 
yks.res_district_1822,博罗县 
yks.res_district_1823,惠东县 
yks.res_district_1824,龙门县 
yks.res_district_1825,梅江区 
yks.res_district_1826,梅县 
yks.res_district_1827,大埔县 
yks.res_district_1828,丰顺县 
yks.res_district_1829,五华县 
yks.res_district_1830,平远县 
yks.res_district_1831,蕉岭县 
yks.res_district_1832,兴宁市 
yks.res_district_1833,城区 
yks.res_district_1834,海丰县 
yks.res_district_1835,陆河县 
yks.res_district_1836,陆丰市 
yks.res_district_1837,源城区 
yks.res_district_1838,紫金县 
yks.res_district_1839,龙川县 
yks.res_district_1840,连平县 
yks.res_district_1841,和平县 
yks.res_district_1842,东源县 
yks.res_district_1843,江城区 
yks.res_district_1844,阳西县 
yks.res_district_1845,阳东县 
yks.res_district_1846,阳春市 
yks.res_district_1847,清城区 
yks.res_district_1848,佛冈县 
yks.res_district_1849,阳山县 
yks.res_district_1850,连山壮族瑶族自治县 
yks.res_district_1851,连南瑶族自治县 
yks.res_district_1852,清新县 
yks.res_district_1853,英德市 
yks.res_district_1854,连州市 
yks.res_district_1855,湘桥区 
yks.res_district_1856,潮安县 
yks.res_district_1857,饶平县 
yks.res_district_1858,榕城区 
yks.res_district_1859,揭东县 
yks.res_district_1860,揭西县 
yks.res_district_1861,惠来县 
yks.res_district_1862,普宁市 
yks.res_district_1863,云城区 
yks.res_district_1864,新兴县 
yks.res_district_1865,郁南县 
yks.res_district_1866,云安县 
yks.res_district_1867,罗定市 
yks.res_district_1868,兴宁区 
yks.res_district_1869,青秀区 
yks.res_district_1870,江南区 
yks.res_district_1871,西乡塘区 
yks.res_district_1872,良庆区 
yks.res_district_1873,邕宁区 
yks.res_district_1874,武鸣县 
yks.res_district_1875,隆安县 
yks.res_district_1876,马山县 
yks.res_district_1877,上林县 
yks.res_district_1878,宾阳县 
yks.res_district_1879,横县 
yks.res_district_1880,城中区 
yks.res_district_1881,鱼峰区 
yks.res_district_1882,柳南区 
yks.res_district_1883,柳北区 
yks.res_district_1884,柳江县 
yks.res_district_1885,柳城县 
yks.res_district_1886,鹿寨县 
yks.res_district_1887,融安县 
yks.res_district_1888,融水苗族自治县 
yks.res_district_1889,三江侗族自治县 
yks.res_district_1890,秀峰区 
yks.res_district_1891,叠彩区 
yks.res_district_1892,象山区 
yks.res_district_1893,七星区 
yks.res_district_1894,雁山区 
yks.res_district_1895,阳朔县 
yks.res_district_1896,临桂县 
yks.res_district_1897,灵川县 
yks.res_district_1898,全州县 
yks.res_district_1899,兴安县 
yks.res_district_1900,永福县 
yks.res_district_1901,灌阳县 
yks.res_district_1902,龙胜各族自治县 
yks.res_district_1903,资源县 
yks.res_district_1904,平乐县 
yks.res_district_1905,荔蒲县 
yks.res_district_1906,恭城瑶族自治县 
yks.res_district_1907,万秀区 
yks.res_district_1908,蝶山区 
yks.res_district_1909,长洲区 
yks.res_district_1910,苍梧县 
yks.res_district_1911,藤县 
yks.res_district_1912,蒙山县 
yks.res_district_1913,岑溪市 
yks.res_district_1914,海城区 
yks.res_district_1915,银海区 
yks.res_district_1916,铁山港区 
yks.res_district_1917,合浦县 
yks.res_district_1918,港口区 
yks.res_district_1919,防城区 
yks.res_district_1920,上思县 
yks.res_district_1921,东兴市 
yks.res_district_1922,钦南区 
yks.res_district_1923,钦北区 
yks.res_district_1924,灵山县 
yks.res_district_1925,浦北县 
yks.res_district_1926,港北区 
yks.res_district_1927,港南区 
yks.res_district_1928,覃塘区 
yks.res_district_1929,平南县 
yks.res_district_1930,桂平市 
yks.res_district_1931,玉州区 
yks.res_district_1932,容县 
yks.res_district_1933,陆川县 
yks.res_district_1934,博白县 
yks.res_district_1935,兴业县 
yks.res_district_1936,北流市 
yks.res_district_1937,右江区 
yks.res_district_1938,田阳县 
yks.res_district_1939,田东县 
yks.res_district_1940,平果县 
yks.res_district_1941,德保县 
yks.res_district_1942,靖西县 
yks.res_district_1943,那坡县 
yks.res_district_1944,凌云县 
yks.res_district_1945,乐业县 
yks.res_district_1946,田林县 
yks.res_district_1947,西林县 
yks.res_district_1948,隆林各族自治县 
yks.res_district_1949,八步区 
yks.res_district_1950,昭平县 
yks.res_district_1951,钟山县 
yks.res_district_1952,富川瑶族自治县 
yks.res_district_1953,金城江区 
yks.res_district_1954,南丹县 
yks.res_district_1955,天峨县 
yks.res_district_1956,凤山县 
yks.res_district_1957,东兰县 
yks.res_district_1958,罗城仫佬族自治县 
yks.res_district_1959,环江毛南族自治县 
yks.res_district_1960,巴马瑶族自治县 
yks.res_district_1961,都安瑶族自治县 
yks.res_district_1962,大化瑶族自治县 
yks.res_district_1963,宜州市 
yks.res_district_1964,兴宾区 
yks.res_district_1965,忻城县 
yks.res_district_1966,象州县 
yks.res_district_1967,武宣县 
yks.res_district_1968,金秀瑶族自治县 
yks.res_district_1969,合山市 
yks.res_district_1970,江洲区 
yks.res_district_1971,扶绥县 
yks.res_district_1972,宁明县 
yks.res_district_1973,龙州县 
yks.res_district_1974,大新县 
yks.res_district_1975,天等县 
yks.res_district_1976,凭祥市 
yks.res_district_1977,秀英区 
yks.res_district_1978,龙华区 
yks.res_district_1979,琼山区 
yks.res_district_1980,美兰区 
yks.res_district_1981,五指山市 
yks.res_district_1982,琼海市 
yks.res_district_1983,儋州市 
yks.res_district_1984,文昌市 
yks.res_district_1985,万宁市 
yks.res_district_1986,东方市 
yks.res_district_1987,定安县 
yks.res_district_1988,屯昌县 
yks.res_district_1989,澄迈县 
yks.res_district_1990,临高县 
yks.res_district_1991,白沙黎族自治县 
yks.res_district_1992,昌江黎族自治县 
yks.res_district_1993,乐东黎族自治县 
yks.res_district_1994,陵水黎族自治县 
yks.res_district_1995,保亭黎族苗族自治县 
yks.res_district_1996,琼中黎族苗族自治县 
yks.res_district_1997,西沙群岛 
yks.res_district_1998,南沙群岛 
yks.res_district_1999,中沙群岛的岛礁及其海域 
yks.res_district_2000,万州区 
yks.res_district_2001,涪陵区 
yks.res_district_2002,渝中区 
yks.res_district_2003,大渡口区 
yks.res_district_2004,江北区 
yks.res_district_2005,沙坪坝区 
yks.res_district_2006,九龙坡区 
yks.res_district_2007,南岸区 
yks.res_district_2008,北碚区 
yks.res_district_2009,万盛区 
yks.res_district_2010,双桥区 
yks.res_district_2011,渝北区 
yks.res_district_2012,巴南区 
yks.res_district_2013,黔江区 
yks.res_district_2014,长寿区 
yks.res_district_2015,綦江县 
yks.res_district_2016,潼南县 
yks.res_district_2017,铜梁县 
yks.res_district_2018,大足县 
yks.res_district_2019,荣昌县 
yks.res_district_2020,璧山县 
yks.res_district_2021,梁平县 
yks.res_district_2022,城口县 
yks.res_district_2023,丰都县 
yks.res_district_2024,垫江县 
yks.res_district_2025,武隆县 
yks.res_district_2026,忠县 
yks.res_district_2027,开县 
yks.res_district_2028,云阳县 
yks.res_district_2029,奉节县 
yks.res_district_2030,巫山县 
yks.res_district_2031,巫溪县 
yks.res_district_2032,石柱土家族自治县 
yks.res_district_2033,秀山土家族苗族自治县 
yks.res_district_2034,酉阳土家族苗族自治县 
yks.res_district_2035,彭水苗族土家族自治县 
yks.res_district_2036,江津市 
yks.res_district_2037,合川市 
yks.res_district_2038,永川市 
yks.res_district_2039,南川市 
yks.res_district_2040,锦江区 
yks.res_district_2041,青羊区 
yks.res_district_2042,金牛区 
yks.res_district_2043,武侯区 
yks.res_district_2044,成华区 
yks.res_district_2045,龙泉驿区 
yks.res_district_2046,青白江区 
yks.res_district_2047,新都区 
yks.res_district_2048,温江区 
yks.res_district_2049,金堂县 
yks.res_district_2050,双流县 
yks.res_district_2051,郫县 
yks.res_district_2052,大邑县 
yks.res_district_2053,蒲江县 
yks.res_district_2054,新津县 
yks.res_district_2055,都江堰市 
yks.res_district_2056,彭州市 
yks.res_district_2057,邛崃市 
yks.res_district_2058,崇州市 
yks.res_district_2059,自流井区 
yks.res_district_2060,贡井区 
yks.res_district_2061,大安区 
yks.res_district_2062,沿滩区 
yks.res_district_2063,荣县 
yks.res_district_2064,富顺县 
yks.res_district_2065,东区 
yks.res_district_2066,西区 
yks.res_district_2067,仁和区 
yks.res_district_2068,米易县 
yks.res_district_2069,盐边县 
yks.res_district_2070,江阳区 
yks.res_district_2071,纳溪区 
yks.res_district_2072,龙马潭区 
yks.res_district_2073,泸县 
yks.res_district_2074,合江县 
yks.res_district_2075,叙永县 
yks.res_district_2076,古蔺县 
yks.res_district_2077,旌阳区 
yks.res_district_2078,中江县 
yks.res_district_2079,罗江县 
yks.res_district_2080,广汉市 
yks.res_district_2081,什邡市 
yks.res_district_2082,绵竹市 
yks.res_district_2083,涪城区 
yks.res_district_2084,游仙区 
yks.res_district_2085,三台县 
yks.res_district_2086,盐亭县 
yks.res_district_2087,安县 
yks.res_district_2088,梓潼县 
yks.res_district_2089,北川羌族自治县 
yks.res_district_2090,平武县 
yks.res_district_2091,江油市 
yks.res_district_2092,市中区 
yks.res_district_2093,元坝区 
yks.res_district_2094,朝天区 
yks.res_district_2095,旺苍县 
yks.res_district_2096,青川县 
yks.res_district_2097,剑阁县 
yks.res_district_2098,苍溪县 
yks.res_district_2099,船山区 
yks.res_district_2100,安居区 
yks.res_district_2101,蓬溪县 
yks.res_district_2102,射洪县 
yks.res_district_2103,大英县 
yks.res_district_2104,市中区 
yks.res_district_2105,东兴区 
yks.res_district_2106,威远县 
yks.res_district_2107,资中县 
yks.res_district_2108,隆昌县 
yks.res_district_2109,市中区 
yks.res_district_2110,沙湾区 
yks.res_district_2111,五通桥区 
yks.res_district_2112,金口河区 
yks.res_district_2113,犍为县 
yks.res_district_2114,井研县 
yks.res_district_2115,夹江县 
yks.res_district_2116,沐川县 
yks.res_district_2117,峨边彝族自治县 
yks.res_district_2118,马边彝族自治县 
yks.res_district_2119,峨眉山市 
yks.res_district_2120,顺庆区 
yks.res_district_2121,高坪区 
yks.res_district_2122,嘉陵区 
yks.res_district_2123,南部县 
yks.res_district_2124,营山县 
yks.res_district_2125,蓬安县 
yks.res_district_2126,仪陇县 
yks.res_district_2127,西充县 
yks.res_district_2128,阆中市 
yks.res_district_2129,东坡区 
yks.res_district_2130,仁寿县 
yks.res_district_2131,彭山县 
yks.res_district_2132,洪雅县 
yks.res_district_2133,丹棱县 
yks.res_district_2134,青神县 
yks.res_district_2135,翠屏区 
yks.res_district_2136,宜宾县 
yks.res_district_2137,南溪县 
yks.res_district_2138,江安县 
yks.res_district_2139,长宁县 
yks.res_district_2140,高县 
yks.res_district_2141,珙县 
yks.res_district_2142,筠连县 
yks.res_district_2143,兴文县 
yks.res_district_2144,屏山县 
yks.res_district_2145,广安区 
yks.res_district_2146,岳池县 
yks.res_district_2147,武胜县 
yks.res_district_2148,邻水县 
yks.res_district_2149,华蓥市 
yks.res_district_2150,通川区 
yks.res_district_2151,达县 
yks.res_district_2152,宣汉县 
yks.res_district_2153,开江县 
yks.res_district_2154,大竹县 
yks.res_district_2155,渠县 
yks.res_district_2156,万源市 
yks.res_district_2157,雨城区 
yks.res_district_2158,名山县 
yks.res_district_2159,荥经县 
yks.res_district_2160,汉源县 
yks.res_district_2161,石棉县 
yks.res_district_2162,天全县 
yks.res_district_2163,芦山县 
yks.res_district_2164,宝兴县 
yks.res_district_2165,巴州区 
yks.res_district_2166,通江县 
yks.res_district_2167,南江县 
yks.res_district_2168,平昌县 
yks.res_district_2169,雁江区 
yks.res_district_2170,安岳县 
yks.res_district_2171,乐至县 
yks.res_district_2172,简阳市 
yks.res_district_2173,汶川县 
yks.res_district_2174,理县 
yks.res_district_2175,茂县 
yks.res_district_2176,松潘县 
yks.res_district_2177,九寨沟县 
yks.res_district_2178,金川县 
yks.res_district_2179,小金县 
yks.res_district_2180,黑水县 
yks.res_district_2181,马尔康县 
yks.res_district_2182,壤塘县 
yks.res_district_2183,阿坝县 
yks.res_district_2184,若尔盖县 
yks.res_district_2185,红原县 
yks.res_district_2186,康定县 
yks.res_district_2187,泸定县 
yks.res_district_2188,丹巴县 
yks.res_district_2189,九龙县 
yks.res_district_2190,雅江县 
yks.res_district_2191,道孚县 
yks.res_district_2192,炉霍县 
yks.res_district_2193,甘孜县 
yks.res_district_2194,新龙县 
yks.res_district_2195,德格县 
yks.res_district_2196,白玉县 
yks.res_district_2197,石渠县 
yks.res_district_2198,色达县 
yks.res_district_2199,理塘县 
yks.res_district_2200,巴塘县 
yks.res_district_2201,乡城县 
yks.res_district_2202,稻城县 
yks.res_district_2203,得荣县 
yks.res_district_2204,西昌市 
yks.res_district_2205,木里藏族自治县 
yks.res_district_2206,盐源县 
yks.res_district_2207,德昌县 
yks.res_district_2208,会理县 
yks.res_district_2209,会东县 
yks.res_district_2210,宁南县 
yks.res_district_2211,普格县 
yks.res_district_2212,布拖县 
yks.res_district_2213,金阳县 
yks.res_district_2214,昭觉县 
yks.res_district_2215,喜德县 
yks.res_district_2216,冕宁县 
yks.res_district_2217,越西县 
yks.res_district_2218,甘洛县 
yks.res_district_2219,美姑县 
yks.res_district_2220,雷波县 
yks.res_district_2221,南明区 
yks.res_district_2222,云岩区 
yks.res_district_2223,花溪区 
yks.res_district_2224,乌当区 
yks.res_district_2225,白云区 
yks.res_district_2226,小河区 
yks.res_district_2227,开阳县 
yks.res_district_2228,息烽县 
yks.res_district_2229,修文县 
yks.res_district_2230,清镇市 
yks.res_district_2231,钟山区 
yks.res_district_2232,六枝特区 
yks.res_district_2233,水城县 
yks.res_district_2234,盘县 
yks.res_district_2235,红花岗区 
yks.res_district_2236,汇川区 
yks.res_district_2237,遵义县 
yks.res_district_2238,桐梓县 
yks.res_district_2239,绥阳县 
yks.res_district_2240,正安县 
yks.res_district_2241,道真仡佬族苗族自治县 
yks.res_district_2242,务川仡佬族苗族自治县 
yks.res_district_2243,凤冈县 
yks.res_district_2244,湄潭县 
yks.res_district_2245,余庆县 
yks.res_district_2246,习水县 
yks.res_district_2247,赤水市 
yks.res_district_2248,仁怀市 
yks.res_district_2249,西秀区 
yks.res_district_2250,平坝县 
yks.res_district_2251,普定县 
yks.res_district_2252,镇宁布依族苗族自治县 
yks.res_district_2253,关岭布依族苗族自治县 
yks.res_district_2254,紫云苗族布依族自治县 
yks.res_district_2255,铜仁市 
yks.res_district_2256,江口县 
yks.res_district_2257,玉屏侗族自治县 
yks.res_district_2258,石阡县 
yks.res_district_2259,思南县 
yks.res_district_2260,印江土家族苗族自治县 
yks.res_district_2261,德江县 
yks.res_district_2262,沿河土家族自治县 
yks.res_district_2263,松桃苗族自治县 
yks.res_district_2264,万山特区 
yks.res_district_2265,兴义市 
yks.res_district_2266,兴仁县 
yks.res_district_2267,普安县 
yks.res_district_2268,晴隆县 
yks.res_district_2269,贞丰县 
yks.res_district_2270,望谟县 
yks.res_district_2271,册亨县 
yks.res_district_2272,安龙县 
yks.res_district_2273,毕节市 
yks.res_district_2274,大方县 
yks.res_district_2275,黔西县 
yks.res_district_2276,金沙县 
yks.res_district_2277,织金县 
yks.res_district_2278,纳雍县 
yks.res_district_2279,威宁彝族回族苗族自治县 
yks.res_district_2280,赫章县 
yks.res_district_2281,凯里市 
yks.res_district_2282,黄平县 
yks.res_district_2283,施秉县 
yks.res_district_2284,三穗县 
yks.res_district_2285,镇远县 
yks.res_district_2286,岑巩县 
yks.res_district_2287,天柱县 
yks.res_district_2288,锦屏县 
yks.res_district_2289,剑河县 
yks.res_district_2290,台江县 
yks.res_district_2291,黎平县 
yks.res_district_2292,榕江县 
yks.res_district_2293,从江县 
yks.res_district_2294,雷山县 
yks.res_district_2295,麻江县 
yks.res_district_2296,丹寨县 
yks.res_district_2297,都匀市 
yks.res_district_2298,福泉市 
yks.res_district_2299,荔波县 
yks.res_district_2300,贵定县 
yks.res_district_2301,瓮安县 
yks.res_district_2302,独山县 
yks.res_district_2303,平塘县 
yks.res_district_2304,罗甸县 
yks.res_district_2305,长顺县 
yks.res_district_2306,龙里县 
yks.res_district_2307,惠水县 
yks.res_district_2308,三都水族自治县 
yks.res_district_2309,五华区 
yks.res_district_2310,盘龙区 
yks.res_district_2311,官渡区 
yks.res_district_2312,西山区 
yks.res_district_2313,东川区 
yks.res_district_2314,呈贡县 
yks.res_district_2315,晋宁县 
yks.res_district_2316,富民县 
yks.res_district_2317,宜良县 
yks.res_district_2318,石林彝族自治县 
yks.res_district_2319,嵩明县 
yks.res_district_2320,禄劝彝族苗族自治县 
yks.res_district_2321,寻甸回族彝族自治县 
yks.res_district_2322,安宁市 
yks.res_district_2323,麒麟区 
yks.res_district_2324,马龙县 
yks.res_district_2325,陆良县 
yks.res_district_2326,师宗县 
yks.res_district_2327,罗平县 
yks.res_district_2328,富源县 
yks.res_district_2329,会泽县 
yks.res_district_2330,沾益县 
yks.res_district_2331,宣威市 
yks.res_district_2332,红塔区 
yks.res_district_2333,江川县 
yks.res_district_2334,澄江县 
yks.res_district_2335,通海县 
yks.res_district_2336,华宁县 
yks.res_district_2337,易门县 
yks.res_district_2338,峨山彝族自治县 
yks.res_district_2339,新平彝族傣族自治县 
yks.res_district_2340,元江哈尼族彝族傣族自治县 
yks.res_district_2341,隆阳区 
yks.res_district_2342,施甸县 
yks.res_district_2343,腾冲县 
yks.res_district_2344,龙陵县 
yks.res_district_2345,昌宁县 
yks.res_district_2346,昭阳区 
yks.res_district_2347,鲁甸县 
yks.res_district_2348,巧家县 
yks.res_district_2349,盐津县 
yks.res_district_2350,大关县 
yks.res_district_2351,永善县 
yks.res_district_2352,绥江县 
yks.res_district_2353,镇雄县 
yks.res_district_2354,彝良县 
yks.res_district_2355,威信县 
yks.res_district_2356,水富县 
yks.res_district_2357,古城区 
yks.res_district_2358,玉龙纳西族自治县 
yks.res_district_2359,永胜县 
yks.res_district_2360,华坪县 
yks.res_district_2361,宁蒗彝族自治县 
yks.res_district_2362,翠云区 
yks.res_district_2363,普洱哈尼族彝族自治县 
yks.res_district_2364,墨江哈尼族自治县 
yks.res_district_2365,景东彝族自治县 
yks.res_district_2366,景谷傣族彝族自治县 
yks.res_district_2367,镇沅彝族哈尼族拉祜族自治县 
yks.res_district_2368,江城哈尼族彝族自治县 
yks.res_district_2369,孟连傣族拉祜族佤族自治县 
yks.res_district_2370,澜沧拉祜族自治县 
yks.res_district_2371,西盟佤族自治县 
yks.res_district_2372,临翔区 
yks.res_district_2373,凤庆县 
yks.res_district_2374,云县 
yks.res_district_2375,永德县 
yks.res_district_2376,镇康县 
yks.res_district_2377,双江拉祜族佤族布朗族傣族自治县 
yks.res_district_2378,耿马傣族佤族自治县 
yks.res_district_2379,沧源佤族自治县 
yks.res_district_2380,楚雄市 
yks.res_district_2381,双柏县 
yks.res_district_2382,牟定县 
yks.res_district_2383,南华县 
yks.res_district_2384,姚安县 
yks.res_district_2385,大姚县 
yks.res_district_2386,永仁县 
yks.res_district_2387,元谋县 
yks.res_district_2388,武定县 
yks.res_district_2389,禄丰县 
yks.res_district_2390,个旧市 
yks.res_district_2391,开远市 
yks.res_district_2392,蒙自县 
yks.res_district_2393,屏边苗族自治县 
yks.res_district_2394,建水县 
yks.res_district_2395,石屏县 
yks.res_district_2396,弥勒县 
yks.res_district_2397,泸西县 
yks.res_district_2398,元阳县 
yks.res_district_2399,红河县 
yks.res_district_2400,金平苗族瑶族傣族自治县 
yks.res_district_2401,绿春县 
yks.res_district_2402,河口瑶族自治县 
yks.res_district_2403,文山县 
yks.res_district_2404,砚山县 
yks.res_district_2405,西畴县 
yks.res_district_2406,麻栗坡县 
yks.res_district_2407,马关县 
yks.res_district_2408,丘北县 
yks.res_district_2409,广南县 
yks.res_district_2410,富宁县 
yks.res_district_2411,景洪市 
yks.res_district_2412,勐海县 
yks.res_district_2413,勐腊县 
yks.res_district_2414,大理市 
yks.res_district_2415,漾濞彝族自治县 
yks.res_district_2416,祥云县 
yks.res_district_2417,宾川县 
yks.res_district_2418,弥渡县 
yks.res_district_2419,南涧彝族自治县 
yks.res_district_2420,巍山彝族回族自治县 
yks.res_district_2421,永平县 
yks.res_district_2422,云龙县 
yks.res_district_2423,洱源县 
yks.res_district_2424,剑川县 
yks.res_district_2425,鹤庆县 
yks.res_district_2426,瑞丽市 
yks.res_district_2427,潞西市 
yks.res_district_2428,梁河县 
yks.res_district_2429,盈江县 
yks.res_district_2430,陇川县 
yks.res_district_2431,泸水县 
yks.res_district_2432,福贡县 
yks.res_district_2433,贡山独龙族怒族自治县 
yks.res_district_2434,兰坪白族普米族自治县 
yks.res_district_2435,香格里拉县 
yks.res_district_2436,德钦县 
yks.res_district_2437,维西傈僳族自治县 
yks.res_district_2438,城关区 
yks.res_district_2439,林周县 
yks.res_district_2440,当雄县 
yks.res_district_2441,尼木县 
yks.res_district_2442,曲水县 
yks.res_district_2443,堆龙德庆县 
yks.res_district_2444,达孜县 
yks.res_district_2445,墨竹工卡县 
yks.res_district_2446,昌都县 
yks.res_district_2447,江达县 
yks.res_district_2448,贡觉县 
yks.res_district_2449,类乌齐县 
yks.res_district_2450,丁青县 
yks.res_district_2451,察雅县 
yks.res_district_2452,八宿县 
yks.res_district_2453,左贡县 
yks.res_district_2454,芒康县 
yks.res_district_2455,洛隆县 
yks.res_district_2456,边坝县 
yks.res_district_2457,乃东县 
yks.res_district_2458,扎囊县 
yks.res_district_2459,贡嘎县 
yks.res_district_2460,桑日县 
yks.res_district_2461,琼结县 
yks.res_district_2462,曲松县 
yks.res_district_2463,措美县 
yks.res_district_2464,洛扎县 
yks.res_district_2465,加查县 
yks.res_district_2466,隆子县 
yks.res_district_2467,错那县 
yks.res_district_2468,浪卡子县 
yks.res_district_2469,日喀则市 
yks.res_district_2470,南木林县 
yks.res_district_2471,江孜县 
yks.res_district_2472,定日县 
yks.res_district_2473,萨迦县 
yks.res_district_2474,拉孜县 
yks.res_district_2475,昂仁县 
yks.res_district_2476,谢通门县 
yks.res_district_2477,白朗县 
yks.res_district_2478,仁布县 
yks.res_district_2479,康马县 
yks.res_district_2480,定结县 
yks.res_district_2481,仲巴县 
yks.res_district_2482,亚东县 
yks.res_district_2483,吉隆县 
yks.res_district_2484,聂拉木县 
yks.res_district_2485,萨嘎县 
yks.res_district_2486,岗巴县 
yks.res_district_2487,那曲县 
yks.res_district_2488,嘉黎县 
yks.res_district_2489,比如县 
yks.res_district_2490,聂荣县 
yks.res_district_2491,安多县 
yks.res_district_2492,申扎县 
yks.res_district_2493,索县 
yks.res_district_2494,班戈县 
yks.res_district_2495,巴青县 
yks.res_district_2496,尼玛县 
yks.res_district_2497,普兰县 
yks.res_district_2498,札达县 
yks.res_district_2499,噶尔县 
yks.res_district_2500,日土县 
yks.res_district_2501,革吉县 
yks.res_district_2502,改则县 
yks.res_district_2503,措勤县 
yks.res_district_2504,林芝县 
yks.res_district_2505,工布江达县 
yks.res_district_2506,米林县 
yks.res_district_2507,墨脱县 
yks.res_district_2508,波密县 
yks.res_district_2509,察隅县 
yks.res_district_2510,朗县 
yks.res_district_2511,新城区 
yks.res_district_2512,碑林区 
yks.res_district_2513,莲湖区 
yks.res_district_2514,灞桥区 
yks.res_district_2515,未央区 
yks.res_district_2516,雁塔区 
yks.res_district_2517,阎良区 
yks.res_district_2518,临潼区 
yks.res_district_2519,长安区 
yks.res_district_2520,蓝田县 
yks.res_district_2521,周至县 
yks.res_district_2522,户县 
yks.res_district_2523,高陵县 
yks.res_district_2524,王益区 
yks.res_district_2525,印台区 
yks.res_district_2526,耀州区 
yks.res_district_2527,宜君县 
yks.res_district_2528,渭滨区 
yks.res_district_2529,金台区 
yks.res_district_2530,陈仓区 
yks.res_district_2531,凤翔县 
yks.res_district_2532,岐山县 
yks.res_district_2533,扶风县 
yks.res_district_2534,眉县 
yks.res_district_2535,陇县 
yks.res_district_2536,千阳县 
yks.res_district_2537,麟游县 
yks.res_district_2538,凤县 
yks.res_district_2539,太白县 
yks.res_district_2540,秦都区 
yks.res_district_2541,杨凌区 
yks.res_district_2542,渭城区 
yks.res_district_2543,三原县 
yks.res_district_2544,泾阳县 
yks.res_district_2545,乾县 
yks.res_district_2546,礼泉县 
yks.res_district_2547,永寿县 
yks.res_district_2548,彬县 
yks.res_district_2549,长武县 
yks.res_district_2550,旬邑县 
yks.res_district_2551,淳化县 
yks.res_district_2552,武功县 
yks.res_district_2553,兴平市 
yks.res_district_2554,临渭区 
yks.res_district_2555,华县 
yks.res_district_2556,潼关县 
yks.res_district_2557,大荔县 
yks.res_district_2558,合阳县 
yks.res_district_2559,澄城县 
yks.res_district_2560,蒲城县 
yks.res_district_2561,白水县 
yks.res_district_2562,富平县 
yks.res_district_2563,韩城市 
yks.res_district_2564,华阴市 
yks.res_district_2565,宝塔区 
yks.res_district_2566,延长县 
yks.res_district_2567,延川县 
yks.res_district_2568,子长县 
yks.res_district_2569,安塞县 
yks.res_district_2570,志丹县 
yks.res_district_2571,吴旗县 
yks.res_district_2572,甘泉县 
yks.res_district_2573,富县 
yks.res_district_2574,洛川县 
yks.res_district_2575,宜川县 
yks.res_district_2576,黄龙县 
yks.res_district_2577,黄陵县 
yks.res_district_2578,汉台区 
yks.res_district_2579,南郑县 
yks.res_district_2580,城固县 
yks.res_district_2581,洋县 
yks.res_district_2582,西乡县 
yks.res_district_2583,勉县 
yks.res_district_2584,宁强县 
yks.res_district_2585,略阳县 
yks.res_district_2586,镇巴县 
yks.res_district_2587,留坝县 
yks.res_district_2588,佛坪县 
yks.res_district_2589,榆阳区 
yks.res_district_2590,神木县 
yks.res_district_2591,府谷县 
yks.res_district_2592,横山县 
yks.res_district_2593,靖边县 
yks.res_district_2594,定边县 
yks.res_district_2595,绥德县 
yks.res_district_2596,米脂县 
yks.res_district_2597,佳县 
yks.res_district_2598,吴堡县 
yks.res_district_2599,清涧县 
yks.res_district_2600,子洲县 
yks.res_district_2601,汉滨区 
yks.res_district_2602,汉阴县 
yks.res_district_2603,石泉县 
yks.res_district_2604,宁陕县 
yks.res_district_2605,紫阳县 
yks.res_district_2606,岚皋县 
yks.res_district_2607,平利县 
yks.res_district_2608,镇坪县 
yks.res_district_2609,旬阳县 
yks.res_district_2610,白河县 
yks.res_district_2611,商州区 
yks.res_district_2612,洛南县 
yks.res_district_2613,丹凤县 
yks.res_district_2614,商南县 
yks.res_district_2615,山阳县 
yks.res_district_2616,镇安县 
yks.res_district_2617,柞水县 
yks.res_district_2618,城关区 
yks.res_district_2619,七里河区 
yks.res_district_2620,西固区 
yks.res_district_2621,安宁区 
yks.res_district_2622,红古区 
yks.res_district_2623,永登县 
yks.res_district_2624,皋兰县 
yks.res_district_2625,榆中县 
yks.res_district_2626,金川区 
yks.res_district_2627,永昌县 
yks.res_district_2628,白银区 
yks.res_district_2629,平川区 
yks.res_district_2630,靖远县 
yks.res_district_2631,会宁县 
yks.res_district_2632,景泰县 
yks.res_district_2633,秦城区 
yks.res_district_2634,北道区 
yks.res_district_2635,清水县 
yks.res_district_2636,秦安县 
yks.res_district_2637,甘谷县 
yks.res_district_2638,武山县 
yks.res_district_2639,张家川回族自治县 
yks.res_district_2640,凉州区 
yks.res_district_2641,民勤县 
yks.res_district_2642,古浪县 
yks.res_district_2643,天祝藏族自治县 
yks.res_district_2644,甘州区 
yks.res_district_2645,肃南裕固族自治县 
yks.res_district_2646,民乐县 
yks.res_district_2647,临泽县 
yks.res_district_2648,高台县 
yks.res_district_2649,山丹县 
yks.res_district_2650,崆峒区 
yks.res_district_2651,泾川县 
yks.res_district_2652,灵台县 
yks.res_district_2653,崇信县 
yks.res_district_2654,华亭县 
yks.res_district_2655,庄浪县 
yks.res_district_2656,静宁县 
yks.res_district_2657,肃州区 
yks.res_district_2658,金塔县 
yks.res_district_2659,安西县 
yks.res_district_2660,肃北蒙古族自治县 
yks.res_district_2661,阿克塞哈萨克族自治县 
yks.res_district_2662,玉门市 
yks.res_district_2663,敦煌市 
yks.res_district_2664,西峰区 
yks.res_district_2665,庆城县 
yks.res_district_2666,环县 
yks.res_district_2667,华池县 
yks.res_district_2668,合水县 
yks.res_district_2669,正宁县 
yks.res_district_2670,宁县 
yks.res_district_2671,镇原县 
yks.res_district_2672,安定区 
yks.res_district_2673,通渭县 
yks.res_district_2674,陇西县 
yks.res_district_2675,渭源县 
yks.res_district_2676,临洮县 
yks.res_district_2677,漳县 
yks.res_district_2678,岷县 
yks.res_district_2679,武都区 
yks.res_district_2680,成县 
yks.res_district_2681,文县 
yks.res_district_2682,宕昌县 
yks.res_district_2683,康县 
yks.res_district_2684,西和县 
yks.res_district_2685,礼县 
yks.res_district_2686,徽县 
yks.res_district_2687,两当县 
yks.res_district_2688,临夏市 
yks.res_district_2689,临夏县 
yks.res_district_2690,康乐县 
yks.res_district_2691,永靖县 
yks.res_district_2692,广河县 
yks.res_district_2693,和政县 
yks.res_district_2694,东乡族自治县 
yks.res_district_2695,积石山保安族东乡族撒拉族自治县 
yks.res_district_2696,合作市 
yks.res_district_2697,临潭县 
yks.res_district_2698,卓尼县 
yks.res_district_2699,舟曲县 
yks.res_district_2700,迭部县 
yks.res_district_2701,玛曲县 
yks.res_district_2702,碌曲县 
yks.res_district_2703,夏河县 
yks.res_district_2704,城东区 
yks.res_district_2705,城中区 
yks.res_district_2706,城西区 
yks.res_district_2707,城北区 
yks.res_district_2708,大通回族土族自治县 
yks.res_district_2709,湟中县 
yks.res_district_2710,湟源县 
yks.res_district_2711,平安县 
yks.res_district_2712,民和回族土族自治县 
yks.res_district_2713,乐都县 
yks.res_district_2714,互助土族自治县 
yks.res_district_2715,化隆回族自治县 
yks.res_district_2716,循化撒拉族自治县 
yks.res_district_2717,门源回族自治县 
yks.res_district_2718,祁连县 
yks.res_district_2719,海晏县 
yks.res_district_2720,刚察县 
yks.res_district_2721,同仁县 
yks.res_district_2722,尖扎县 
yks.res_district_2723,泽库县 
yks.res_district_2724,河南蒙古族自治县 
yks.res_district_2725,共和县 
yks.res_district_2726,同德县 
yks.res_district_2727,贵德县 
yks.res_district_2728,兴海县 
yks.res_district_2729,贵南县 
yks.res_district_2730,玛沁县 
yks.res_district_2731,班玛县 
yks.res_district_2732,甘德县 
yks.res_district_2733,达日县 
yks.res_district_2734,久治县 
yks.res_district_2735,玛多县 
yks.res_district_2736,玉树县 
yks.res_district_2737,杂多县 
yks.res_district_2738,称多县 
yks.res_district_2739,治多县 
yks.res_district_2740,囊谦县 
yks.res_district_2741,曲麻莱县 
yks.res_district_2742,格尔木市 
yks.res_district_2743,德令哈市 
yks.res_district_2744,乌兰县 
yks.res_district_2745,都兰县 
yks.res_district_2746,天峻县 
yks.res_district_2747,兴庆区 
yks.res_district_2748,西夏区 
yks.res_district_2749,金凤区 
yks.res_district_2750,永宁县 
yks.res_district_2751,贺兰县 
yks.res_district_2752,灵武市 
yks.res_district_2753,大武口区 
yks.res_district_2754,惠农区 
yks.res_district_2755,平罗县 
yks.res_district_2756,利通区 
yks.res_district_2757,盐池县 
yks.res_district_2758,同心县 
yks.res_district_2759,青铜峡市 
yks.res_district_2760,原州区 
yks.res_district_2761,西吉县 
yks.res_district_2762,隆德县 
yks.res_district_2763,泾源县 
yks.res_district_2764,彭阳县 
yks.res_district_2765,沙坡头区 
yks.res_district_2766,中宁县 
yks.res_district_2767,海原县 
yks.res_district_2768,天山区 
yks.res_district_2769,沙依巴克区 
yks.res_district_2770,新市区 
yks.res_district_2771,水磨沟区 
yks.res_district_2772,头屯河区 
yks.res_district_2773,达坂城区 
yks.res_district_2774,东山区 
yks.res_district_2775,乌鲁木齐县 
yks.res_district_2776,独山子区 
yks.res_district_2777,克拉玛依区 
yks.res_district_2778,白碱滩区 
yks.res_district_2779,乌尔禾区 
yks.res_district_2780,吐鲁番市 
yks.res_district_2781,鄯善县 
yks.res_district_2782,托克逊县 
yks.res_district_2783,哈密市 
yks.res_district_2784,巴里坤哈萨克自治县 
yks.res_district_2785,伊吾县 
yks.res_district_2786,昌吉市 
yks.res_district_2787,阜康市 
yks.res_district_2788,米泉市 
yks.res_district_2789,呼图壁县 
yks.res_district_2790,玛纳斯县 
yks.res_district_2791,奇台县 
yks.res_district_2792,吉木萨尔县 
yks.res_district_2793,木垒哈萨克自治县 
yks.res_district_2794,博乐市 
yks.res_district_2795,精河县 
yks.res_district_2796,温泉县 
yks.res_district_2797,库尔勒市 
yks.res_district_2798,轮台县 
yks.res_district_2799,尉犁县 
yks.res_district_2800,若羌县 
yks.res_district_2801,且末县 
yks.res_district_2802,焉耆回族自治县 
yks.res_district_2803,和静县 
yks.res_district_2804,和硕县 
yks.res_district_2805,博湖县 
yks.res_district_2806,阿克苏市 
yks.res_district_2807,温宿县 
yks.res_district_2808,库车县 
yks.res_district_2809,沙雅县 
yks.res_district_2810,新和县 
yks.res_district_2811,拜城县 
yks.res_district_2812,乌什县 
yks.res_district_2813,阿瓦提县 
yks.res_district_2814,柯坪县 
yks.res_district_2815,阿图什市 
yks.res_district_2816,阿克陶县 
yks.res_district_2817,阿合奇县 
yks.res_district_2818,乌恰县 
yks.res_district_2819,喀什市 
yks.res_district_2820,疏附县 
yks.res_district_2821,疏勒县 
yks.res_district_2822,英吉沙县 
yks.res_district_2823,泽普县 
yks.res_district_2824,莎车县 
yks.res_district_2825,叶城县 
yks.res_district_2826,麦盖提县 
yks.res_district_2827,岳普湖县 
yks.res_district_2828,伽师县 
yks.res_district_2829,巴楚县 
yks.res_district_2830,塔什库尔干塔吉克自治县 
yks.res_district_2831,和田市 
yks.res_district_2832,和田县 
yks.res_district_2833,墨玉县 
yks.res_district_2834,皮山县 
yks.res_district_2835,洛浦县 
yks.res_district_2836,策勒县 
yks.res_district_2837,于田县 
yks.res_district_2838,民丰县 
yks.res_district_2839,伊宁市 
yks.res_district_2840,奎屯市 
yks.res_district_2841,伊宁县 
yks.res_district_2842,察布查尔锡伯自治县 
yks.res_district_2843,霍城县 
yks.res_district_2844,巩留县 
yks.res_district_2845,新源县 
yks.res_district_2846,昭苏县 
yks.res_district_2847,特克斯县 
yks.res_district_2848,尼勒克县 
yks.res_district_2849,塔城市 
yks.res_district_2850,乌苏市 
yks.res_district_2851,额敏县 
yks.res_district_2852,沙湾县 
yks.res_district_2853,托里县 
yks.res_district_2854,裕民县 
yks.res_district_2855,和布克赛尔蒙古自治县 
yks.res_district_2856,阿勒泰市 
yks.res_district_2857,布尔津县 
yks.res_district_2858,富蕴县 
yks.res_district_2859,福海县 
yks.res_district_2860,哈巴河县 
yks.res_district_2861,青河县 
yks.res_district_2862,吉木乃县 
